SalesOrderID	SalesOrderDetailID	CarrierTrackingNumber	OrderQty	ProductID	SpecialOfferID	UnitPrice	UnitPriceDiscount	LineTotal	rowguid	ModifiedDate
73562	117614		1	871	1	9
73562	117615		1	870	1	4
73562	117616		1	716	1	49
73563	117617		1	977	1	539
73564	117618		1	799	1	1120
73564	117619		1	872	1	8
73564	117620		1	877	1	7
73565	117621		1	798	1	1120
73565	117622		1	708	1	34
73566	117623		1	799	1	1120
73566	117624		1	711	1	34
73567	117625		1	784	1	2294
73567	117626		1	930	1	35	0	35
73567	117627		1	921	1	4
73567	117628		1	877	1	7
73568	117629		1	959	1	742
73568	117630		1	711	1	34
73569	117631		1	968	1	2384
73569	117632		1	881	1	53
73569	117633		1	712	1	8
73570	117634		1	966	1	2384
73570	117635		1	934	1	28
73570	117636		1	923	1	4
73570	117637		1	880	1	54
73570	117638		1	864	1	63
73571	117639		1	997	1	539
73571	117640		1	864	1	63
73572	117641		1	997	1	539
73572	117642		1	922	1	3
73572	117643		1	931	1	21
73572	117644		1	707	1	34
73573	117645		1	799	1	1120
73574	117646		1	799	1	1120
73574	117647		1	711	1	34
73574	117648		1	859	1	24
73575	117649		1	974	1	1700
73576	117650		1	973	1	1700
73576	117651		1	707	1	34
73577	117652		1	960	1	742
73577	117653		1	870	1	4
73577	117654		1	872	1	8
73577	117655		1	707	1	34
73578	117656		1	955	1	2384
73578	117657		1	711	1	34
73579	117658		1	969	1	2384
73579	117659		1	870	1	4
73579	117660		1	872	1	8
73579	117661		1	877	1	7
73580	117662		1	711	1	34
73580	117663		1	875	1	8
73581	117664		1	928	1	24
73581	117665		1	873	1	2
73581	117666		1	877	1	7
73582	117667		1	928	1	24
73583	117668		1	932	1	24
73583	117669		1	922	1	3
73583	117670		1	711	1	34
73584	117671		1	922	1	3
73584	117672		1	932	1	24
73584	117673		1	711	1	34
73585	117674		1	923	1	4
73586	117675		1	923	1	4
73586	117676		1	934	1	28
73586	117677		1	707	1	34
73586	117678		1	881	1	53
73587	117679		1	783	1	2294
73587	117680		1	930	1	35	0	35
73587	117681		1	873	1	2
73588	117682		1	982	1	769
73588	117683		1	868	1	69
73588	117684		1	712	1	8
73589	117685		1	779	1	2319
73589	117686		1	930	1	35	0	35
73589	117687		1	921	1	4
73589	117688		1	708	1	34
73590	117689		1	782	1	2294
73590	117690		1	871	1	9
73590	117691		1	870	1	4
73590	117692		1	883	1	53
73590	117693		1	712	1	8
73591	117694		1	923	1	4
73591	117695		1	873	2	2
73592	117696		1	931	1	21
73592	117697		1	922	1	3
73592	117698		1	865	1	63
73593	117699		1	933	1	32
73593	117700		1	922	1	3
73593	117701		1	708	1	34
73594	117702		1	928	1	24
73594	117703		1	873	1	2
73595	117704		1	868	1	69
73595	117705		1	712	1	8
73596	117706		1	871	1	9
73596	117707		1	870	1	4
73597	117708		1	867	1	69
73598	117709		1	867	1	69
73599	117710		1	869	1	69
73599	117711		1	712	1	8
73600	117712		1	868	1	69
73601	117713		1	870	1	4
73601	117714		1	707	1	34
73602	117715		1	921	1	4
73602	117716		1	708	1	34
73602	117717		1	875	1	8
73603	117718		1	921	1	4
73603	117719		1	707	1	34
73604	117720		1	933	1	32
73604	117721		1	922	1	3
73604	117722		1	873	1	2
73605	117723		1	882	1	53
73606	117724		1	931	1	21
73607	117725		1	929	1	29
73607	117726		1	873	2	2
73608	117727		1	931	1	21
73608	117728		1	922	1	3
73608	117729		1	707	1	34
73609	117730		1	934	1	28
73609	117731		1	923	1	4
73609	117732		1	708	1	34
73609	117733		1	714	1	49
73610	117734		1	921	1	4
73610	117735		1	930	1	35	0	35
73610	117736		1	711	1	34
73610	117737		1	858	1	24
73611	117738		1	930	1	35	0	35
73612	117739		1	930	1	35	0	35
73612	117740		1	921	1	4
73612	117741		1	707	1	34
73613	117742		1	712	1	8
73614	117743		1	707	1	34
73614	117744		1	712	1	8
73615	117745		1	784	2	2294
73616	117746		1	982	1	769
73616	117747		1	868	1	69
73616	117748		1	712	1	8
73617	117749		1	983	1	769
73617	117750		1	869	1	69
73617	117751		1	712	1	8
73618	117752		1	957	1	2384
73618	117753		1	923	1	4
73618	117754		1	934	1	28
73618	117755		1	712	1	8
73618	117756		1	711	1	34
73619	117757		1	977	1	539
73619	117758		1	931	1	21
73619	117759		1	882	1	53
73620	117760		1	977	1	539
73620	117761		1	872	1	8
73621	117762		1	970	2	1214
73621	117763		1	870	1	4
73621	117764		1	872	1	8
73621	117765		1	712	1	8
73622	117766		1	968	1	2384
73622	117767		1	870	1	4
73622	117768		1	872	1	8
73623	117769		1	967	1	2384
73623	117770		1	711	1	34
73624	117771		1	955	1	2384
73624	117772		1	882	1	53
73625	117773		1	997	1	539
73626	117774		1	977	1	539
73626	117775		1	931	1	21
73626	117776		1	922	1	3
73626	117777		1	708	1	34
73626	117778		1	859	1	24
73627	117779		1	999	1	539
73627	117780		1	922	1	3
73627	117781		1	931	1	21
73627	117782		1	873	1	2
73628	117783		1	799	1	1120
73628	117784		1	932	1	24
73629	117785		1	974	1	1700
73629	117786		1	922	1	3
73629	117787		1	932	1	24
73630	117788		1	975	1	1700
73630	117789		1	932	1	24
73630	117790		1	858	1	24
73631	117791		1	798	2	1120
73631	117792		1	870	1	4
73631	117793		1	872	1	8
73631	117794		1	708	1	34
73632	117795		1	997	1	539
73632	117796		1	931	1	21
73632	117797		1	873	1	2
73633	117798		1	997	1	539
73633	117799		1	872	1	8
73633	117800		1	712	1	8
73633	117801		1	870	1	4
73634	117802		1	999	2	539
73634	117803		1	872	1	8
73634	117804		1	870	1	4
73635	117805		1	954	1	2384
73635	117806		1	711	1	34
73636	117807		1	954	1	2384
73636	117808		1	934	1	28
73637	117809		1	955	1	2384
73638	117810		1	999	1	539
73638	117811		1	922	1	3
73638	117812		1	931	1	21
73638	117813		1	873	1	2
73639	117814		1	953	2	1214
73639	117815		1	712	1	8
73640	117816		1	956	1	2384
73640	117817		1	870	1	4
73640	117818		1	872	1	8
73641	117819		1	956	1	2384
73641	117820		1	870	1	4
73641	117821		1	872	1	8
73641	117822		1	866	1	63
73642	117823		1	976	1	1700
73642	117824		1	932	1	24
73642	117825		1	922	1	3
73642	117826		1	707	1	34
73643	117827		1	870	1	4
73643	117828		1	712	1	8
73643	117829		1	872	1	8
73644	117830		1	929	1	29
73644	117831		1	921	1	4
73645	117832		1	929	1	29
73645	117833		1	873	2	2
73646	117834		1	929	1	29
73646	117835		1	921	1	4
73647	117836		1	867	1	69
73647	117837		1	875	1	8
73648	117838		1	868	1	69
73648	117839		1	875	1	8
73649	117840		1	923	1	4
73650	117841		1	922	1	3
73650	117842		1	933	1	32
73651	117843		1	877	1	7
73652	117844		1	934	1	28
73652	117845		1	923	1	4
73652	117846		1	873	2	2
73653	117847		1	884	1	53
73653	117848		1	712	1	8
73654	117849		1	872	1	8
73654	117850		1	870	1	4
73655	117851		1	781	2	2319
73655	117852		1	870	1	4
73655	117853		1	871	1	9
73656	117854		1	981	1	769
73656	117855		1	871	1	9
73656	117856		1	870	1	4
73656	117857		1	707	1	34
73657	117858		1	782	1	2294
73657	117859		1	878	1	21
73657	117860		1	871	1	9
73657	117861		1	870	1	4
73658	117862		1	781	1	2319
73658	117863		1	930	1	35	0	35
73658	117864		1	873	1	2
73659	117865		1	782	1	2294
73659	117866		1	871	1	9
73659	117867		1	870	1	4
73660	117868		1	779	2	2319
73660	117869		1	870	1	4
73660	117870		1	871	1	9
73661	117871		1	780	1	2319
73661	117872		1	711	1	34
73662	117873		1	783	1	2294
73663	117874		1	711	1	34
73664	117875		1	923	1	4
73664	117876		1	708	1	34
73665	117877		1	923	1	4
73666	117878		1	921	1	4
73666	117879		1	929	1	29
73666	117880		1	711	1	34
73667	117881		1	929	1	29
73667	117882		1	866	1	63
73667	117883		1	921	1	4
73668	117884		1	921	1	4
73668	117885		1	929	1	29
73668	117886		1	711	1	34
73669	117887		1	929	1	29
73670	117888		1	871	1	9
73670	117889		1	870	1	4
73670	117890		1	707	1	34
73671	117891		1	870	1	4
73671	117892		1	871	1	9
73671	117893		1	880	1	54
73672	117894		1	871	1	9
73672	117895		1	870	1	4
73672	117896		1	880	1	54
73672	117897		1	877	1	7
73673	117898		1	712	1	8
73673	117899		1	868	1	69
73674	117900		1	870	1	4
73674	117901		1	712	1	8
73675	117902		1	933	1	32
73676	117903		1	870	1	4
73676	117904		1	884	1	53
73677	117905		1	934	1	28
73677	117906		1	923	1	4
73677	117907		1	858	1	24
73678	117908		1	922	1	3
73678	117909		1	931	1	21
73678	117910		1	708	1	34
73679	117911		1	923	1	4
73679	117912		1	934	1	28
73679	117913		1	715	1	49
73680	117914		1	934	1	28
73680	117915		1	923	1	4
73680	117916		1	873	2	2
73681	117917		1	930	1	35	0	35
73681	117918		1	921	1	4
73681	117919		1	711	1	34
73682	117920		1	921	1	4
73682	117921		1	930	1	35	0	35
73683	117922		1	930	1	35	0	35
73683	117923		1	921	1	4
73683	117924		1	874	1	8
73684	117925		1	878	1	21
73684	117926		1	871	1	9
73684	117927		1	870	1	4
73685	117928		1	712	1	8
73686	117929		1	715	1	49
73687	117930		1	992	1	539
73687	117931		1	871	1	9
73687	117932		1	870	1	4
73687	117933		1	880	1	54
73687	117934		1	877	1	7
73688	117935		1	782	1	2294
73688	117936		1	878	1	21
73688	117937		1	712	1	8
73688	117938		1	883	1	53
73689	117939		1	953	1	1214
73689	117940		1	872	1	8
73689	117941		1	870	1	4
73689	117942		1	883	1	53
73690	117943		1	974	1	1700
73690	117944		1	884	1	53
73690	117945		1	712	1	8
73691	117946		1	800	1	1120
73691	117947		1	712	1	8
73691	117948		1	883	1	53
73692	117949		1	780	1	2319
73692	117950		1	873	1	2
73693	117951		1	783	1	2294
73693	117952		1	930	1	35	0	35
73693	117953		1	873	1	2
73693	117954		1	877	1	7
73694	117955		1	782	1	2294
73694	117956		1	871	1	9
73694	117957		1	712	1	8
73694	117958		1	870	1	4
73695	117959		1	955	1	2384
73695	117960		1	934	1	28
73695	117961		1	923	1	4
73695	117962		1	873	1	2
73695	117963		1	876	1	120	0	120
73696	117964		1	957	1	2384
73697	117965		1	954	1	2384
73697	117966		1	872	1	8
73697	117967		1	870	1	4
73698	117968		1	956	1	2384
73698	117969		1	923	1	4
73698	117970		1	934	1	28
73698	117971		1	873	1	2
73699	117972		1	955	1	2384
73699	117973		1	707	1	34
73699	117974		1	864	1	63
73700	117975		1	968	1	2384
73700	117976		1	708	1	34
73700	117977		1	860	2	24
73701	117978		1	999	2	539
73701	117979		1	931	1	21
73701	117980		1	884	1	53
73702	117981		1	997	1	539
73702	117982		1	872	1	8
73702	117983		1	870	1	4
73702	117984		1	712	1	8
73703	117985		1	997	1	539
73703	117986		1	870	1	4
73703	117987		1	872	1	8
73703	117988		1	708	1	34
73704	117989		1	999	1	539
73705	117990		1	974	1	1700
73705	117991		1	922	1	3
73705	117992		1	932	1	24
73705	117993		1	708	1	34
73706	117994		1	974	1	1700
73706	117995		1	884	1	53
73706	117996		1	858	1	24
73707	117997		1	974	1	1700
73707	117998		1	714	1	49
73707	117999		1	859	1	24
73708	118000		1	977	1	539
73708	118001		1	931	1	21
73708	118002		1	873	1	2
73709	118003		1	979	1	742
73709	118004		1	708	1	34
73710	118005		1	962	1	742
73710	118006		1	870	1	4
73710	118007		1	872	1	8
73711	118008		1	978	1	742
73712	118009		1	955	1	2384
73712	118010		1	708	1	34
73713	118011		1	977	1	539
73713	118012		1	872	1	8
73713	118013		1	870	1	4
73713	118014		1	873	1	2
73714	118015		1	977	1	539
73714	118016		1	872	1	8
73714	118017		1	870	1	4
73714	118018		1	707	1	34
73715	118019		1	956	1	2384
73715	118020		1	872	1	8
73715	118021		1	870	1	4
73715	118022		1	711	1	34
73716	118023		1	976	1	1700
73716	118024		1	922	1	3
73716	118025		1	932	1	24
73717	118026		1	922	1	3
73717	118027		1	932	1	24
73717	118028		1	873	1	2
73718	118029		1	878	1	21
73718	118030		1	711	1	34
73718	118031		1	884	1	53
73719	118032		1	922	1	3
73719	118033		1	932	1	24
73719	118034		1	884	1	53
73720	118035		1	922	1	3
73720	118036		1	707	1	34
73721	118037		1	873	1	2
73721	118038		1	879	1	159	0	159
73722	118039		1	873	1	2
73722	118040		1	877	1	7
73723	118041		1	794	1	2443
73723	118042		1	708	1	34
73724	118043		1	792	1	2443
73724	118044		1	933	1	32
73724	118045		1	922	1	3
73724	118046		1	711	1	34
73724	118047		1	712	1	8
73725	118048		1	792	1	2443
73726	118049		1	781	1	2319
73726	118050		1	871	1	9
73726	118051		1	870	1	4
73726	118052		1	711	1	34
73727	118053		1	783	1	2294
73727	118054		1	871	1	9
73727	118055		1	870	1	4
73727	118056		1	880	1	54
73727	118057		1	707	1	34
73728	118058		1	713	1	49
73728	118059		1	874	1	8
73729	118060		1	923	1	4
73729	118061		1	707	1	34
73730	118062		1	931	1	21
73730	118063		1	922	1	3
73730	118064		1	873	1	2
73731	118065		1	922	1	3
73731	118066		1	865	1	63
73731	118067		1	931	1	21
73732	118068		1	933	1	32
73733	118069		1	922	1	3
73733	118070		1	933	1	32
73733	118071		1	873	1	2
73734	118072		1	928	1	24
73734	118073		1	873	1	2
73735	118074		1	933	1	32
73735	118075		1	922	1	3
73735	118076		1	711	1	34
73736	118077		1	922	1	3
73736	118078		1	933	1	32
73736	118079		1	875	1	8
73737	118080		1	871	1	9
73737	118081		1	870	1	4
73737	118082		1	882	1	53
73738	118083		1	870	1	4
73738	118084		1	871	1	9
73739	118085		1	871	1	9
73739	118086		1	870	1	4
73739	118087		1	715	1	49
73739	118088		1	712	1	8
73740	118089		1	869	1	69
73740	118090		1	715	1	49
73741	118091		1	868	1	69
73742	118092		1	868	1	69
73742	118093		1	712	1	8
73742	118094		1	713	1	49
73743	118095		1	870	1	4
73744	118096		1	870	1	4
73744	118097		1	712	1	8
73745	118098		1	921	1	4
73746	118099		1	878	1	21
73746	118100		1	714	1	49
73746	118101		1	875	1	8
73747	118102		1	869	1	69
73747	118103		1	884	1	53
73748	118104		1	932	1	24
73749	118105		1	922	1	3
73750	118106		1	922	1	3
73751	118107		1	931	1	21
73751	118108		1	873	1	2
73752	118109		1	990	1	539
73753	118110		1	779	2	2319
73753	118111		1	930	1	35	0	35
73753	118112		1	921	1	4
73754	118113		1	779	2	2319
73755	118114		1	990	1	539
73756	118115		1	779	1	2319
73756	118116		1	878	1	21
73756	118117		1	865	1	63
73757	118118		1	783	1	2294
73757	118119		1	930	1	35	0	35
73757	118120		1	921	1	4
73757	118121		1	876	1	120	0	120
73758	118122		1	953	1	1214
73758	118123		1	715	1	49
73759	118124		1	979	1	742
73760	118125		1	962	1	742
73760	118126		1	934	1	28
73760	118127		1	923	1	4
73760	118128		1	707	1	34
73761	118129		1	793	1	2443
73761	118130		1	933	1	32
73761	118131		1	922	1	3
73761	118132		1	711	1	34
73761	118133		1	865	1	63
73762	118134		1	801	1	1120
73762	118135		1	872	1	8
73762	118136		1	870	1	4
73762	118137		1	880	1	54
73763	118138		1	781	2	2319
73763	118139		1	921	1	4
73763	118140		1	930	1	35	0	35
73764	118141		1	784	1	2294
73764	118142		1	871	1	9
73764	118143		1	708	1	34
73765	118144		1	784	2	2294
73765	118145		1	878	1	21
73765	118146		1	883	1	53
73766	118147		1	783	1	2294
73766	118148		1	878	1	21
73766	118149		1	877	1	7
73767	118150		1	784	1	2294
73767	118151		1	930	1	35	0	35
73767	118152		1	873	1	2
73767	118153		1	877	1	7
73768	118154		1	960	1	742
73769	118155		1	968	1	2384
73769	118156		1	707	1	34
73769	118157		1	882	1	53
73770	118158		1	955	1	2384
73770	118159		1	872	1	8
73770	118160		1	870	1	4
73771	118161		1	999	2	539
73771	118162		1	870	1	4
73771	118163		1	872	1	8
73772	118164		1	801	1	1120
73772	118165		1	881	1	53
73773	118166		1	800	1	1120
73773	118167		1	872	1	8
73773	118168		1	870	1	4
73773	118169		1	873	2	2
73774	118170		1	974	1	1700
73774	118171		1	711	1	34
73775	118172		1	975	1	1700
73775	118173		1	932	1	24
73775	118174		1	922	1	3
73775	118175		1	873	1	2
73776	118176		1	974	1	1700
73777	118177		1	975	1	1700
73777	118178		1	932	1	24
73777	118179		1	922	1	3
73777	118180		1	707	1	34
73778	118181		1	974	1	1700
73778	118182		1	714	1	49
73778	118183		1	858	1	24
73779	118184		1	800	1	1120
73779	118185		1	712	1	8
73779	118186		1	708	1	34
73780	118187		1	997	1	539
73780	118188		1	870	1	4
73780	118189		1	872	1	8
73780	118190		1	707	1	34
73780	118191		1	860	1	24
73780	118192		1	715	1	49
73781	118193		1	999	1	539
73781	118194		1	707	1	34
73782	118195		1	999	1	539
73782	118196		1	872	1	8
73782	118197		1	870	1	4
73782	118198		1	712	1	8
73782	118199		1	711	1	34
73783	118200		1	967	1	2384
73783	118201		1	923	1	4
73783	118202		1	934	1	28
73783	118203		1	708	1	34
73784	118204		1	954	1	2384
73785	118205		1	969	1	2384
73785	118206		1	708	1	34
73786	118207		1	966	1	2384
73786	118208		1	708	1	34
73786	118209		1	715	1	49
73786	118210		1	712	1	8
73787	118211		1	957	1	2384
73787	118212		1	707	1	34
73787	118213		1	884	1	53
73788	118214		1	993	1	539
73788	118215		1	870	1	4
73788	118216		1	858	1	24
73788	118217		1	871	1	9
73789	118218		1	954	1	2384
73789	118219		1	934	1	28
73790	118220		1	981	1	769
73790	118221		1	867	1	69
73790	118222		1	715	1	49
73791	118223		1	715	1	49
73792	118224		1	928	1	24
73792	118225		1	921	1	4
73792	118226		1	708	1	34
73792	118227		1	712	1	8
73792	118228		1	716	1	49
73793	118229		1	922	1	3
73793	118230		1	932	1	24
73794	118231		1	929	1	29
73794	118232		1	873	2	2
73795	118233		1	931	1	21
73795	118234		1	922	1	3
73795	118235		1	873	1	2
73796	118236		1	878	1	21
73796	118237		1	711	1	34
73796	118238		1	881	1	53
73797	118239		1	870	1	4
73797	118240		1	873	2	2
73798	118241		1	869	1	69
73798	118242		1	712	1	8
73798	118243		1	716	1	49
73799	118244		1	708	1	34
73800	118245		1	707	1	34
73801	118246		1	922	1	3
73801	118247		1	874	1	8
73802	118248		1	794	1	2443
73802	118249		1	872	1	8
73803	118250		1	981	1	769
73803	118251		1	879	1	159	0	159
73804	118252		1	983	2	769
73804	118253		1	878	1	21
73804	118254		1	871	1	9
73804	118255		1	707	1	34
73805	118256		1	782	1	2294
73806	118257		1	780	1	2319
73806	118258		1	880	1	54
73806	118259		1	858	1	24
73807	118260		1	784	1	2294
73807	118261		1	871	1	9
73807	118262		1	870	1	4
73807	118263		1	711	1	34
73808	118264		1	712	1	8
73809	118265		1	922	1	3
73809	118266		1	865	1	63
73810	118267		1	922	1	3
73810	118268		1	932	1	24
73811	118269		1	922	1	3
73811	118270		1	932	1	24
73811	118271		1	866	1	63
73812	118272		1	923	1	4
73812	118273		1	873	2	2
73813	118274		1	932	1	24
73813	118275		1	873	1	2
73814	118276		1	931	1	21
73815	118277		1	933	1	32
73816	118278		1	921	1	4
73816	118279		1	929	1	29
73816	118280		1	707	1	34
73817	118281		1	928	1	24
73817	118282		1	921	1	4
73817	118283		1	707	1	34
73818	118284		1	929	1	29
73818	118285		1	921	1	4
73819	118286		1	869	1	69
73819	118287		1	883	1	53
73820	118288		1	869	1	69
73820	118289		1	716	1	49
73820	118290		1	712	1	8
73821	118291		1	870	1	4
73821	118292		1	712	1	8
73822	118293		1	870	1	4
73822	118294		1	712	1	8
73823	118295		1	921	1	4
73823	118296		1	873	1	2
73823	118297		1	876	1	120	0	120
73824	118298		1	878	1	21
73825	118299		1	921	1	4
73825	118300		1	711	1	34
73825	118301		1	713	1	49
73826	118302		1	878	1	21
73827	118303		1	928	1	24
73827	118304		1	860	1	24
73828	118305		1	933	1	32
73828	118306		1	922	1	3
73828	118307		1	707	1	34
73829	118308		1	933	1	32
73829	118309		1	922	1	3
73829	118310		1	873	1	2
73830	118311		1	922	1	3
73831	118312		1	934	1	28
73831	118313		1	923	1	4
73831	118314		1	860	1	24
73832	118315		1	712	1	8
73832	118316		1	923	1	4
73833	118317		1	921	1	4
73833	118318		1	930	1	35	0	35
73833	118319		1	707	1	34
73834	118320		1	930	1	35	0	35
73835	118321		1	871	1	9
73835	118322		1	711	1	34
73836	118323		1	780	1	2319
73836	118324		1	930	1	35	0	35
73836	118325		1	873	1	2
73837	118326		1	784	1	2294
73837	118327		1	930	1	35	0	35
73838	118328		1	780	1	2319
73838	118329		1	878	1	21
73838	118330		1	871	1	9
73839	118331		1	983	2	769
73839	118332		1	868	1	69
73840	118333		1	784	1	2294
73840	118334		1	871	1	9
73840	118335		1	870	1	4
73840	118336		1	877	1	7
73841	118337		1	780	1	2319
73841	118338		1	930	1	35	0	35
73842	118339		1	780	1	2319
73842	118340		1	878	1	21
73842	118341		1	881	1	53
73843	118342		1	779	1	2319
73843	118343		1	878	1	21
73843	118344		1	712	1	8
73844	118345		1	965	1	742
73844	118346		1	712	1	8
73845	118347		1	796	1	2443
73845	118348		1	872	1	8
73845	118349		1	870	1	4
73845	118350		1	712	1	8
73846	118351		1	798	1	1120
73846	118352		1	884	1	53
73847	118353		1	997	1	539
73847	118354		1	931	1	21
73847	118355		1	922	1	3
73847	118356		1	711	1	34
73848	118357		1	971	1	1214
73848	118358		1	934	1	28
73848	118359		1	923	1	4
73848	118360		1	708	1	34
73849	118361		1	967	1	2384
73850	118362		1	968	1	2384
73850	118363		1	711	1	34
73851	118364		1	968	1	2384
73851	118365		1	870	1	4
73851	118366		1	872	1	8
73851	118367		1	873	2	2
73852	118368		1	968	1	2384
73852	118369		1	711	1	34
73853	118370		1	997	1	539
73854	118371		1	998	1	539
73854	118372		1	931	1	21
73854	118373		1	922	1	3
73854	118374		1	873	2	2
73854	118375		1	877	1	7
73855	118376		1	799	1	1120
73855	118377		1	711	1	34
73856	118378		1	797	1	1120
73856	118379		1	883	1	53
73857	118380		1	798	1	1120
73857	118381		1	932	1	24
73858	118382		1	975	1	1700
73858	118383		1	711	1	34
73859	118384		1	976	1	1700
73859	118385		1	882	1	53
73860	118386		1	973	1	1700
73860	118387		1	708	1	34
73861	118388		1	973	1	1700
73861	118389		1	716	1	49
73861	118390		1	712	1	8
73862	118391		1	974	1	1700
73862	118392		1	932	1	24
73862	118393		1	873	1	2
73863	118394		1	977	1	539
73864	118395		1	969	1	2384
73864	118396		1	934	1	28
73864	118397		1	923	1	4
73864	118398		1	877	1	7
73865	118399		1	968	1	2384
73865	118400		1	872	1	8
73866	118401		1	977	1	539
73866	118402		1	872	1	8
73867	118403		1	988	1	564
73867	118404		1	883	1	53
73868	118405		1	954	1	2384
73869	118406		1	872	1	8
73869	118407		1	870	1	4
73870	118408		1	928	1	24
73870	118409		1	873	1	2
73871	118410		1	932	1	24
73871	118411		1	922	1	3
73871	118412		1	875	1	8
73872	118413		1	715	1	49
73873	118414		1	934	1	28
73873	118415		1	923	1	4
73874	118416		1	779	1	2319
73874	118417		1	708	1	34
73875	118418		1	783	1	2294
73875	118419		1	921	1	4
73875	118420		1	930	1	35	0	35
73875	118421		1	878	1	21
73875	118422		1	714	1	49
73876	118423		1	991	1	539
73876	118424		1	871	1	9
73877	118425		1	986	1	564
73877	118426		1	878	1	21
73877	118427		1	707	1	34
73878	118428		1	707	1	34
73879	118429		1	882	1	53
73879	118430		1	859	1	24
73880	118431		1	922	1	3
73880	118432		1	711	1	34
73880	118433		1	714	1	49
73881	118434		1	933	1	32
73881	118435		1	922	1	3
73881	118436		1	866	1	63
73882	118437		1	921	1	4
73882	118438		1	929	1	29
73883	118439		1	928	1	24
73883	118440		1	873	1	2
73884	118441		1	929	1	29
73885	118442		1	929	1	29
73886	118443		1	870	1	4
73886	118444		1	871	1	9
73887	118445		1	871	1	9
73887	118446		1	870	1	4
73887	118447		1	707	1	34
73888	118448		1	869	1	69
73888	118449		1	882	1	53
73889	118450		1	867	1	69
73890	118451		1	868	1	69
73890	118452		1	712	1	8
73891	118453		1	870	1	4
73892	118454		1	870	1	4
73893	118455		1	870	1	4
73893	118456		1	707	1	34
73894	118457		1	870	1	4
73894	118458		1	707	1	34
73895	118459		1	921	1	4
73896	118460		1	921	1	4
73896	118461		1	708	1	34
73897	118462		1	921	1	4
73897	118463		1	873	2	2
73898	118464		1	878	1	21
73898	118465		1	711	1	34
73899	118466		1	928	1	24
73899	118467		1	921	1	4
73899	118468		1	873	2	2
73900	118469		1	929	1	29
73900	118470		1	873	2	2
73901	118471		1	922	1	3
73901	118472		1	931	1	21
73901	118473		1	711	1	34
73902	118474		1	922	1	3
73902	118475		1	873	1	2
73903	118476		1	934	1	28
73903	118477		1	923	1	4
73903	118478		1	708	1	34
73904	118479		1	923	1	4
73904	118480		1	711	1	34
73905	118481		1	930	1	35	0	35
73906	118482		1	930	1	35	0	35
73906	118483		1	878	1	21
73906	118484		1	871	1	9
73906	118485		1	870	1	4
73906	118486		1	707	1	34
73907	118487		1	878	1	21
73907	118488		1	877	1	7
73908	118489		1	714	1	49
73909	118490		1	796	1	2443
73909	118491		1	870	1	4
73909	118492		1	872	1	8
73909	118493		1	712	1	8
73910	118494		1	792	1	2443
73910	118495		1	922	1	3
73910	118496		1	933	1	32
73910	118497		1	711	1	34
73910	118498		1	714	1	49
73911	118499		1	779	1	2319
73911	118500		1	878	1	21
73911	118501		1	711	1	34
73911	118502		1	858	1	24
73912	118503		1	980	1	769
73912	118504		1	708	1	34
73913	118505		1	990	1	539
73913	118506		1	878	1	21
73913	118507		1	877	1	7
73914	118508		1	780	1	2319
73914	118509		1	930	1	35	0	35
73914	118510		1	921	1	4
73914	118511		1	873	1	2
73915	118512		1	978	1	742
73915	118513		1	874	1	8
73916	118514		1	962	1	742
73916	118515		1	872	1	8
73916	118516		1	870	1	4
73917	118517		1	973	1	1700
73917	118518		1	711	1	34
73918	118519		1	795	1	2443
73918	118520		1	707	1	34
73919	118521		1	792	1	2443
73919	118522		1	933	1	32
73919	118523		1	922	1	3
73919	118524		1	708	1	34
73920	118525		1	796	1	2443
73920	118526		1	922	1	3
73920	118527		1	933	1	32
73920	118528		1	873	1	2
73921	118529		1	796	1	2443
73922	118530		1	982	1	769
73922	118531		1	707	1	34
73923	118532		1	780	1	2319
73923	118533		1	930	1	35	0	35
73923	118534		1	921	1	4
73923	118535		1	878	1	21
73924	118536		1	783	1	2294
73924	118537		1	871	1	9
73924	118538		1	870	1	4
73924	118539		1	882	1	53
73924	118540		1	712	1	8
73925	118541		1	967	1	2384
73926	118542		1	999	1	539
73927	118543		1	977	1	539
73927	118544		1	708	1	34
73928	118545		1	997	1	539
73928	118546		1	872	1	8
73929	118547		1	997	1	539
73929	118548		1	872	1	8
73929	118549		1	870	1	4
73929	118550		1	714	1	49
73929	118551		1	860	1	24
73930	118552		1	998	1	539
73930	118553		1	931	1	21
73930	118554		1	873	1	2
73931	118555		1	801	1	1120
73932	118556		1	976	1	1700
73932	118557		1	932	1	24
73932	118558		1	922	1	3
73932	118559		1	708	1	34
73933	118560		1	973	1	1700
73933	118561		1	712	1	8
73934	118562		1	973	1	1700
73934	118563		1	932	1	24
73935	118564		1	973	1	1700
73935	118565		1	713	1	49
73935	118566		1	860	1	24
73936	118567		1	998	1	539
73936	118568		1	708	1	34
73937	118569		1	977	1	539
73937	118570		1	712	1	8
73938	118571		1	968	1	2384
73938	118572		1	872	1	8
73938	118573		1	870	1	4
73938	118574		1	707	1	34
73939	118575		1	961	2	742
73939	118576		1	934	1	28
73940	118577		1	968	1	2384
73940	118578		1	870	1	4
73940	118579		1	872	1	8
73941	118580		1	714	1	49
73941	118581		1	875	1	8
73942	118582		1	928	1	24
73942	118583		1	921	1	4
73942	118584		1	707	1	34
73943	118585		1	932	1	24
73943	118586		1	873	1	2
73944	118587		1	932	1	24
73944	118588		1	922	1	3
73945	118589		1	922	1	3
73945	118590		1	932	1	24
73945	118591		1	873	1	2
73946	118592		1	921	1	4
73946	118593		1	929	1	29
73946	118594		1	708	1	34
73947	118595		1	878	1	21
73947	118596		1	880	1	54
73948	118597		1	921	1	4
73948	118598		1	873	2	2
73949	118599		1	707	1	34
73950	118600		1	922	1	3
73950	118601		1	711	1	34
73950	118602		1	858	1	24
73951	118603		1	880	1	54
73951	118604		1	877	1	7
73952	118605		1	792	1	2443
73952	118606		1	876	1	120	0	120
73953	118607		1	794	1	2443
73953	118608		1	712	1	8
73953	118609		1	707	1	34
73954	118610		1	872	1	8
73955	118611		1	784	2	2294
73956	118612		1	780	1	2319
73956	118613		1	876	1	120	0	120
73957	118614		1	992	1	539
73957	118615		1	871	1	9
73957	118616		1	870	1	4
73957	118617		1	707	1	34
73957	118618		1	715	1	49
73958	118619		1	984	1	564
73958	118620		1	878	1	21
73958	118621		1	871	1	9
73959	118622		1	713	1	49
73960	118623		1	923	1	4
73960	118624		1	870	1	4
73960	118625		1	872	1	8
73960	118626		1	875	1	8
73961	118627		1	922	1	3
73961	118628		1	932	1	24
73961	118629		1	716	1	49
73962	118630		1	934	1	28
73962	118631		1	923	1	4
73962	118632		1	873	2	2
73963	118633		1	922	1	3
73963	118634		1	931	1	21
73963	118635		1	877	1	7
73964	118636		1	929	1	29
73964	118637		1	921	1	4
73965	118638		1	929	1	29
73966	118639		1	929	1	29
73967	118640		1	929	1	29
73967	118641		1	873	1	2
73967	118642		1	877	1	7
73967	118643		1	876	1	120	0	120
73968	118644		1	870	1	4
73968	118645		1	871	1	9
73969	118646		1	871	1	9
73970	118647		1	867	1	69
73971	118648		1	870	1	4
73972	118649		1	870	1	4
73973	118650		1	921	1	4
73973	118651		1	708	1	34
73974	118652		1	921	1	4
73974	118653		1	711	1	34
73975	118654		1	921	1	4
73975	118655		1	711	1	34
73976	118656		1	921	1	4
73976	118657		1	873	2	2
73977	118658		1	878	1	21
73977	118659		1	708	1	34
73978	118660		1	932	1	24
73978	118661		1	922	1	3
73978	118662		1	707	1	34
73979	118663		1	922	1	3
73979	118664		1	711	1	34
73980	118665		1	934	1	28
73980	118666		1	923	1	4
73980	118667		1	873	2	2
73981	118668		1	931	1	21
73981	118669		1	873	1	2
73982	118670		1	922	1	3
73982	118671		1	707	1	34
73983	118672		1	923	1	4
73984	118673		1	923	1	4
73984	118674		1	712	1	8
73985	118675		1	923	1	4
73985	118676		1	880	1	54
73986	118677		1	921	1	4
73986	118678		1	930	1	35	0	35
73986	118679		1	713	1	49
73987	118680		1	871	1	9
73987	118681		1	870	1	4
73987	118682		1	711	1	34
73988	118683		1	708	1	34
73989	118684		1	779	1	2319
73989	118685		1	921	1	4
73989	118686		1	930	1	35	0	35
73989	118687		1	873	1	2
73990	118688		1	780	1	2319
73990	118689		1	930	1	35	0	35
73990	118690		1	921	1	4
73990	118691		1	708	1	34
73990	118692		1	858	1	24
73991	118693		1	779	1	2319
73991	118694		1	873	1	2
73992	118695		1	784	1	2294
73992	118696		1	873	1	2
73993	118697		1	779	1	2319
73993	118698		1	930	1	35	0	35
73993	118699		1	921	1	4
73993	118700		1	873	1	2
73994	118701		1	780	1	2319
73994	118702		1	878	1	21
73994	118703		1	871	1	9
73994	118704		1	870	1	4
73995	118705		1	980	1	769
73995	118706		1	869	1	69
73995	118707		1	712	1	8
73996	118708		1	779	1	2319
73996	118709		1	878	1	21
73996	118710		1	880	1	54
73996	118711		1	877	1	7
73997	118712		1	781	2	2319
73997	118713		1	930	1	35	0	35
73997	118714		1	878	1	21
73997	118715		1	859	1	24
73997	118716		1	708	1	34
73998	118717		1	779	1	2319
73998	118718		1	930	1	35	0	35
73998	118719		1	864	1	63
73998	118720		1	921	1	4
73999	118721		1	783	1	2294
73999	118722		1	871	1	9
73999	118723		1	870	1	4
73999	118724		1	712	1	8
74000	118725		1	780	1	2319
74000	118726		1	878	1	21
74000	118727		1	873	1	2
74001	118728		1	972	1	1214
74001	118729		1	884	1	53
74002	118730		1	969	1	2384
74002	118731		1	870	1	4
74002	118732		1	872	1	8
74002	118733		1	881	1	53
74002	118734		1	712	1	8
74003	118735		1	796	1	2443
74003	118736		1	872	1	8
74004	118737		1	800	1	1120
74004	118738		1	707	1	34
74005	118739		1	798	1	1120
74005	118740		1	884	1	53
74006	118741		1	956	1	2384
74006	118742		1	711	1	34
74007	118743		1	954	1	2384
74007	118744		1	707	1	34
74007	118745		1	859	1	24
74008	118746		1	999	1	539
74009	118747		1	998	1	539
74009	118748		1	870	1	4
74009	118749		1	872	1	8
74009	118750		1	714	1	49
74009	118751		1	712	1	8
74010	118752		1	866	1	63
74010	118753		1	999	1	539
74011	118754		1	797	1	1120
74011	118755		1	932	1	24
74012	118756		1	799	1	1120
74012	118757		1	707	1	34
74012	118758		1	858	1	24
74013	118759		1	801	1	1120
74013	118760		1	872	1	8
74013	118761		1	870	1	4
74013	118762		1	708	1	34
74013	118763		1	858	1	24
74014	118764		1	798	1	1120
74015	118765		1	800	1	1120
74015	118766		1	712	1	8
74015	118767		1	883	1	53
74016	118768		1	799	1	1120
74016	118769		1	716	1	49
74017	118770		1	975	1	1700
74018	118771		1	973	1	1700
74018	118772		1	932	1	24
74018	118773		1	922	1	3
74018	118774		1	707	1	34
74019	118775		1	797	1	1120
74019	118776		1	711	1	34
74020	118777		1	799	1	1120
74020	118778		1	870	1	4
74020	118779		1	872	1	8
74021	118780		1	800	1	1120
74021	118781		1	881	1	53
74022	118782		1	800	1	1120
74022	118783		1	708	1	34
74023	118784		1	799	1	1120
74023	118785		1	932	1	24
74023	118786		1	873	2	2
74024	118787		1	798	1	1120
74024	118788		1	872	1	8
74024	118789		1	870	1	4
74024	118790		1	883	1	53
74025	118791		1	968	1	2384
74026	118792		1	965	2	742
74027	118793		1	997	1	539
74027	118794		1	872	1	8
74028	118795		1	999	1	539
74028	118796		1	866	1	63
74029	118797		1	987	1	564
74029	118798		1	928	1	24
74029	118799		1	873	1	2
74030	118800		1	973	1	1700
74031	118801		1	877	1	7
74032	118802		1	928	1	24
74032	118803		1	707	1	34
74033	118804		1	932	1	24
74034	118805		1	930	1	35	0	35
74034	118806		1	878	1	21
74034	118807		1	881	1	53
74034	118808		1	859	1	24
74035	118809		1	884	1	53
74036	118810		1	781	1	2319
74036	118811		1	871	1	9
74037	118812		1	782	1	2294
74037	118813		1	921	1	4
74037	118814		1	930	1	35	0	35
74037	118815		1	708	1	34
74038	118816		1	783	1	2294
74038	118817		1	707	1	34
74038	118818		1	712	1	8
74039	118819		1	782	1	2294
74039	118820		1	871	1	9
74039	118821		1	870	1	4
74039	118822		1	877	1	7
74040	118823		1	784	1	2294
74040	118824		1	930	1	35	0	35
74040	118825		1	921	1	4
74040	118826		1	873	1	2
74041	118827		1	712	1	8
74042	118828		1	932	1	24
74043	118829		1	934	1	28
74043	118830		1	923	1	4
74043	118831		1	873	2	2
74044	118832		1	858	1	24
74044	118833		1	933	1	32
74045	118834		1	929	1	29
74045	118835		1	921	1	4
74046	118836		1	870	1	4
74046	118837		1	871	1	9
74046	118838		1	880	1	54
74046	118839		1	859	1	24
74047	118840		1	871	1	9
74047	118841		1	870	1	4
74047	118842		1	711	1	34
74047	118843		1	859	1	24
74048	118844		1	867	1	69
74048	118845		1	865	1	63
74049	118846		1	868	1	69
74049	118847		1	715	1	49
74050	118848		1	870	1	4
74051	118849		1	868	1	69
74052	118850		1	921	1	4
74052	118851		1	708	1	34
74053	118852		1	867	1	69
74054	118853		1	932	1	24
74054	118854		1	922	1	3
74055	118855		1	929	1	29
74055	118856		1	921	1	4
74055	118857		1	712	1	8
74055	118858		1	707	1	34
74056	118859		1	922	1	3
74056	118860		1	873	2	2
74056	118861		1	877	1	7
74057	118862		1	929	1	29
74057	118863		1	921	1	4
74057	118864		1	708	1	34
74058	118865		1	923	1	4
74058	118866		1	712	1	8
74058	118867		1	934	1	28
74059	118868		1	930	1	35	0	35
74059	118869		1	921	1	4
74059	118870		1	873	1	2
74060	118871		1	923	1	4
74060	118872		1	873	2	2
74061	118873		1	930	1	35	0	35
74061	118874		1	921	1	4
74061	118875		1	878	1	21
74061	118876		1	711	1	34
74062	118877		1	930	1	35	0	35
74062	118878		1	921	1	4
74062	118879		1	707	1	34
74062	118880		1	860	1	24
74063	118881		1	784	1	2294
74063	118882		1	707	1	34
74064	118883		1	781	1	2319
74064	118884		1	871	1	9
74064	118885		1	870	1	4
74064	118886		1	880	1	54
74065	118887		1	982	1	769
74065	118888		1	707	1	34
74066	118889		1	980	1	769
74066	118890		1	712	1	8
74066	118891		1	867	1	69
74067	118892		1	982	1	769
74067	118893		1	868	1	69
74067	118894		1	712	1	8
74068	118895		1	982	1	769
74068	118896		1	921	1	4
74068	118897		1	929	1	29
74069	118898		1	985	1	564
74069	118899		1	871	1	9
74069	118900		1	707	1	34
74070	118901		1	781	1	2319
74070	118902		1	930	1	35	0	35
74071	118903		1	971	1	1214
74071	118904		1	712	1	8
74072	118905		1	962	1	742
74073	118906		1	961	2	742
74074	118907		1	961	1	742
74074	118908		1	707	1	34
74075	118909		1	792	1	2443
74075	118910		1	872	1	8
74075	118911		1	870	1	4
74076	118912		1	793	1	2443
74076	118913		1	711	1	34
74077	118914		1	780	1	2319
74078	118915		1	964	1	742
74078	118916		1	870	1	4
74078	118917		1	872	1	8
74079	118918		1	956	1	2384
74079	118919		1	870	1	4
74079	118920		1	872	1	8
74079	118921		1	881	1	53
74079	118922		1	712	1	8
74080	118923		1	970	1	1214
74080	118924		1	934	1	28
74080	118925		1	923	1	4
74080	118926		1	873	1	2
74081	118927		1	969	1	2384
74081	118928		1	883	1	53
74082	118929		1	800	1	1120
74082	118930		1	860	2	24
74082	118931		1	711	1	34
74083	118932		1	801	1	1120
74083	118933		1	707	1	34
74084	118934		1	973	1	1700
74084	118935		1	922	1	3
74084	118936		1	932	1	24
74084	118937		1	707	1	34
74085	118938		1	975	1	1700
74085	118939		1	932	1	24
74085	118940		1	922	1	3
74085	118941		1	711	1	34
74086	118942		1	974	1	1700
74086	118943		1	932	1	24
74086	118944		1	922	1	3
74086	118945		1	879	1	159	0	159
74087	118946		1	974	1	1700
74087	118947		1	707	1	34
74087	118948		1	712	1	8
74088	118949		1	997	1	539
74088	118950		1	872	1	8
74088	118951		1	870	1	4
74088	118952		1	882	1	53
74089	118953		1	998	1	539
74090	118954		1	977	1	539
74091	118955		1	977	1	539
74091	118956		1	872	1	8
74091	118957		1	712	1	8
74091	118958		1	870	1	4
74092	118959		1	968	1	2384
74092	118960		1	870	1	4
74092	118961		1	872	1	8
74092	118962		1	711	1	34
74093	118963		1	959	1	742
74094	118964		1	999	1	539
74094	118965		1	708	1	34
74095	118966		1	971	1	1214
74095	118967		1	708	1	34
74095	118968		1	713	1	49
74096	118969		1	877	1	7
74097	118970		1	928	1	24
74098	118971		1	878	1	21
74099	118972		1	878	1	21
74099	118973		1	865	1	63
74100	118974		1	930	1	35	0	35
74100	118975		1	921	1	4
74100	118976		1	878	1	21
74100	118977		1	873	2	2
74100	118978		1	876	1	120	0	120
74101	118979		1	923	1	4
74101	118980		1	711	1	34
74102	118981		1	923	1	4
74102	118982		1	873	2	2
74103	118983		1	871	1	9
74103	118984		1	870	1	4
74104	118985		1	794	1	2443
74104	118986		1	870	1	4
74104	118987		1	872	1	8
74104	118988		1	712	1	8
74105	118989		1	870	1	4
74105	118990		1	872	1	8
74105	118991		1	708	1	34
74105	118992		1	714	1	49
74106	118993		1	783	1	2294
74106	118994		1	711	1	34
74107	118995		1	780	1	2319
74107	118996		1	871	1	9
74107	118997		1	870	1	4
74107	118998		1	711	1	34
74108	118999		1	780	1	2319
74108	119000		1	871	1	9
74108	119001		1	870	1	4
74108	119002		1	874	1	8
74109	119003		1	783	1	2294
74109	119004		1	871	1	9
74109	119005		1	880	1	54
74110	119006		1	922	1	3
74110	119007		1	933	1	32
74110	119008		1	707	1	34
74111	119009		1	921	1	4
74111	119010		1	928	1	24
74111	119011		1	873	2	2
74111	119012		1	877	1	7
74112	119013		1	929	1	29
74113	119014		1	871	1	9
74113	119015		1	870	1	4
74114	119016		1	871	1	9
74114	119017		1	870	1	4
74114	119018		1	712	1	8
74115	119019		1	868	1	69
74115	119020		1	716	1	49
74116	119021		1	869	1	69
74116	119022		1	875	1	8
74117	119023		1	867	1	69
74117	119024		1	716	1	49
74118	119025		1	921	1	4
74118	119026		1	711	1	34
74118	119027		1	860	1	24
74119	119028		1	921	1	4
74120	119029		1	928	1	24
74120	119030		1	921	1	4
74120	119031		1	873	2	2
74121	119032		1	922	1	3
74121	119033		1	932	1	24
74122	119034		1	712	1	8
74122	119035		1	882	1	53
74123	119036		1	922	1	3
74123	119037		1	931	1	21
74123	119038		1	873	1	2
74124	119039		1	931	1	21
74124	119040		1	873	1	2
74125	119041		1	921	1	4
74125	119042		1	930	1	35	0	35
74125	119043		1	864	1	63
74125	119044		1	711	1	34
74126	119045		1	923	1	4
74126	119046		1	872	1	8
74126	119047		1	870	1	4
74126	119048		1	874	1	8
74127	119049		1	781	2	2319
74127	119050		1	870	1	4
74127	119051		1	871	1	9
74128	119052		1	782	1	2294
74128	119053		1	871	1	9
74128	119054		1	870	1	4
74128	119055		1	884	1	53
74129	119056		1	780	1	2319
74129	119057		1	930	1	35	0	35
74129	119058		1	921	1	4
74129	119059		1	870	1	4
74129	119060		1	871	1	9
74129	119061		1	711	1	34
74130	119062		1	782	1	2294
74130	119063		1	878	1	21
74130	119064		1	879	1	159	0	159
74131	119065		1	779	1	2319
74131	119066		1	873	1	2
74132	119067		1	781	2	2319
74133	119068		1	953	1	1214
74133	119069		1	934	1	28
74134	119070		1	972	1	1214
74134	119071		1	708	1	34
74135	119072		1	978	1	742
74135	119073		1	872	1	8
74135	119074		1	870	1	4
74135	119075		1	708	1	34
74136	119076		1	779	1	2319
74136	119077		1	878	1	21
74136	119078		1	708	1	34
74137	119079		1	794	1	2443
74137	119080		1	922	1	3
74137	119081		1	933	1	32
74137	119082		1	873	2	2
74137	119083		1	877	1	7
74138	119084		1	972	1	1214
74138	119085		1	711	1	34
74139	119086		1	783	1	2294
74139	119087		1	921	1	4
74139	119088		1	930	1	35	0	35
74139	119089		1	865	1	63
74140	119090		1	961	1	742
74140	119091		1	872	1	8
74140	119092		1	870	1	4
74140	119093		1	712	1	8
74141	119094		1	997	1	539
74141	119095		1	864	1	63
74142	119096		1	798	1	1120
74142	119097		1	883	1	53
74143	119098		1	999	1	539
74143	119099		1	872	1	8
74143	119100		1	870	1	4
74143	119101		1	858	1	24
74144	119102		1	967	1	2384
74144	119103		1	711	1	34
74145	119104		1	954	1	2384
74146	119105		1	977	1	539
74147	119106		1	998	1	539
74147	119107		1	931	1	21
74147	119108		1	883	1	53
74148	119109		1	711	1	34
74149	119110		1	932	1	24
74149	119111		1	873	1	2
74150	119112		1	922	1	3
74150	119113		1	932	1	24
74150	119114		1	873	1	2
74151	119115		1	878	1	21
74151	119116		1	871	1	9
74151	119117		1	870	1	4
74152	119118		1	931	1	21
74152	119119		1	922	1	3
74153	119120		1	871	1	9
74153	119121		1	870	1	4
74154	119122		1	859	1	24
74155	119123		1	712	1	8
74155	119124		1	713	1	49
74156	119125		1	873	1	2
74157	119126		1	707	1	34
74158	119127		1	922	1	3
74158	119128		1	707	1	34
74158	119129		1	713	1	49
74158	119130		1	712	1	8
74159	119131		1	931	1	21
74159	119132		1	873	1	2
74160	119133		1	931	1	21
74161	119134		1	931	1	21
74161	119135		1	922	1	3
74161	119136		1	877	1	7
74162	119137		1	922	1	3
74162	119138		1	864	1	63
74162	119139		1	933	1	32
74163	119140		1	928	1	24
74163	119141		1	921	1	4
74163	119142		1	866	1	63
74163	119143		1	708	1	34
74164	119144		1	933	1	32
74164	119145		1	922	1	3
74165	119146		1	922	1	3
74165	119147		1	933	1	32
74165	119148		1	716	1	49
74166	119149		1	871	1	9
74166	119150		1	870	1	4
74166	119151		1	708	1	34
74167	119152		1	871	1	9
74167	119153		1	870	1	4
74167	119154		1	881	1	53
74168	119155		1	868	1	69
74168	119156		1	881	1	53
74169	119157		1	869	1	69
74169	119158		1	713	1	49
74170	119159		1	870	1	4
74171	119160		1	921	1	4
74171	119161		1	707	1	34
74172	119162		1	878	1	21
74172	119163		1	715	1	49
74173	119164		1	921	1	4
74174	119165		1	928	1	24
74175	119166		1	878	1	21
74176	119167		1	921	1	4
74176	119168		1	929	1	29
74176	119169		1	878	1	21
74176	119170		1	866	1	63
74177	119171		1	870	1	4
74177	119172		1	859	1	24
74178	119173		1	870	1	4
74179	119174		1	931	1	21
74179	119175		1	873	1	2
74180	119176		1	923	1	4
74180	119177		1	880	1	54
74181	119178		1	931	1	21
74181	119179		1	922	1	3
74181	119180		1	866	1	63
74182	119181		1	930	1	35	0	35
74182	119182		1	873	1	2
74182	119183		1	877	1	7
74183	119184		1	930	1	35	0	35
74184	119185		1	930	1	35	0	35
74184	119186		1	921	1	4
74184	119187		1	711	1	34
74185	119188		1	877	1	7
74186	119189		1	921	1	4
74186	119190		1	928	1	24
74187	119191		1	931	1	21
74187	119192		1	922	1	3
74188	119193		1	921	1	4
74188	119194		1	873	1	2
74189	119195		1	868	1	69
74189	119196		1	884	1	53
74190	119197		1	934	1	28
74190	119198		1	923	1	4
74190	119199		1	880	1	54
74190	119200		1	877	1	7
74191	119201		1	883	1	53
74192	119202		1	922	1	3
74192	119203		1	873	1	2
74193	119204		1	922	1	3
74193	119205		1	707	1	34
74194	119206		1	716	1	49
74195	119207		1	934	1	28
74195	119208		1	923	1	4
74195	119209		1	873	1	2
74196	119210		1	921	1	4
74196	119211		1	928	1	24
74196	119212		1	707	1	34
74197	119213		1	928	1	24
74197	119214		1	921	1	4
74197	119215		1	708	1	34
74198	119216		1	928	1	24
74198	119217		1	921	1	4
74198	119218		1	711	1	34
74199	119219		1	929	1	29
74199	119220		1	921	1	4
74199	119221		1	873	1	2
74200	119222		1	871	1	9
74200	119223		1	712	1	8
74200	119224		1	870	1	4
74201	119225		1	871	1	9
74201	119226		1	712	1	8
74201	119227		1	870	1	4
74202	119228		1	871	1	9
74202	119229		1	870	1	4
74203	119230		1	871	1	9
74203	119231		1	870	1	4
74203	119232		1	708	1	34
74204	119233		1	870	1	4
74204	119234		1	712	1	8
74205	119235		1	870	1	4
74206	119236		1	921	1	4
74206	119237		1	708	1	34
74206	119238		1	716	1	49
74207	119239		1	922	1	3
74207	119240		1	933	1	32
74207	119241		1	880	1	54
74208	119242		1	929	1	29
74208	119243		1	873	1	2
74209	119244		1	922	1	3
74209	119245		1	707	1	34
74210	119246		1	934	1	28
74210	119247		1	923	1	4
74210	119248		1	872	1	8
74210	119249		1	870	1	4
74211	119250		1	923	1	4
74211	119251		1	711	1	34
74212	119252		1	930	1	35	0	35
74212	119253		1	878	1	21
74212	119254		1	871	1	9
74212	119255		1	870	1	4
74213	119256		1	923	1	4
74213	119257		1	873	1	2
74214	119258		1	930	1	35	0	35
74214	119259		1	873	1	2
74215	119260		1	878	1	21
74215	119261		1	870	1	4
74215	119262		1	871	1	9
74215	119263		1	712	1	8
74215	119264		1	883	1	53
74216	119265		1	878	1	21
74216	119266		1	871	1	9
74216	119267		1	870	1	4
74216	119268		1	711	1	34
74217	119269		1	712	1	8
74218	119270		1	711	1	34
74219	119271		1	878	1	21
74219	119272		1	711	1	34
74219	119273		1	860	1	24
74220	119274		1	930	1	35	0	35
74221	119275		1	930	1	35	0	35
74221	119276		1	921	1	4
74222	119277		1	931	1	21
74222	119278		1	873	1	2
74223	119279		1	871	1	9
74223	119280		1	712	1	8
74223	119281		1	870	1	4
74224	119282		1	877	1	7
74225	119283		1	712	1	8
74226	119284		1	923	1	4
74226	119285		1	880	1	54
74226	119286		1	713	1	49
74227	119287		1	932	1	24
74227	119288		1	713	1	49
74228	119289		1	871	1	9
74228	119290		1	870	1	4
74228	119291		1	708	1	34
74229	119292		1	869	1	69
74229	119293		1	716	1	49
74230	119294		1	870	1	4
74231	119295		1	870	1	4
74231	119296		1	884	1	53
74232	119297		1	921	1	4
74232	119298		1	708	1	34
74233	119299		1	878	1	21
74234	119300		1	878	1	21
74234	119301		1	871	1	9
74234	119302		1	870	1	4
74234	119303		1	711	1	34
74235	119304		1	921	1	4
74235	119305		1	708	1	34
74236	119306		1	921	1	4
74236	119307		1	873	1	2
74237	119308		1	921	1	4
74237	119309		1	930	1	35	0	35
74237	119310		1	711	1	34
74237	119311		1	712	1	8
74238	119312		1	930	1	35	0	35
74239	119313		1	868	1	69
74240	119314		1	932	1	24
74240	119315		1	873	1	2
74241	119316		1	929	1	29
74241	119317		1	873	1	2
74242	119318		1	921	1	4
74242	119319		1	929	1	29
74242	119320		1	711	1	34
74243	119321		1	922	1	3
74243	119322		1	873	1	2
74244	119323		1	934	1	28
74244	119324		1	923	1	4
74244	119325		1	708	1	34
74245	119326		1	930	1	35	0	35
74245	119327		1	878	1	21
74245	119328		1	707	1	34
74245	119329		1	864	1	63
74246	119330		1	930	1	35	0	35
74246	119331		1	921	1	4
74247	119332		1	930	1	35	0	35
74247	119333		1	921	1	4
74247	119334		1	711	1	34
74247	119335		1	713	1	49
74248	119336		1	930	1	35	0	35
74248	119337		1	873	1	2
74249	119338		1	878	1	21
74249	119339		1	873	1	2
74250	119340		1	878	1	21
74250	119341		1	708	1	34
74250	119342		1	716	1	49
74250	119343		1	712	1	8
74251	119344		1	930	1	35	0	35
74251	119345		1	921	1	4
74251	119346		1	708	1	34
74252	119347		1	712	1	8
74253	119348		1	928	1	24
74253	119349		1	921	1	4
74253	119350		1	711	1	34
74254	119351		1	928	1	24
74255	119352		1	932	1	24
74256	119353		1	929	1	29
74256	119354		1	921	1	4
74257	119355		1	878	1	21
74258	119356		1	878	1	21
74258	119357		1	873	1	2
74259	119358		1	869	1	69
74259	119359		1	882	1	53
74260	119360		1	934	1	28
74260	119361		1	923	1	4
74260	119362		1	873	1	2
74261	119363		1	711	1	34
74262	119364		1	923	1	4
74262	119365		1	873	1	2
74263	119366		1	933	1	32
74263	119367		1	876	1	120	0	120
74264	119368		1	929	1	29
74264	119369		1	873	1	2
74265	119370		1	921	1	4
74265	119371		1	929	1	29
74265	119372		1	873	1	2
74265	119373		1	877	1	7
74266	119374		1	868	1	69
74267	119375		1	870	1	4
74267	119376		1	708	1	34
74267	119377		1	713	1	49
74267	119378		1	712	1	8
74268	119379		1	921	1	4
74268	119380		1	873	1	2
74269	119381		1	868	1	69
74269	119382		1	884	1	53
74270	119383		1	870	1	4
74270	119384		1	859	1	24
74271	119385		1	922	1	3
74271	119386		1	708	1	34
74271	119387		1	712	1	8
74272	119388		1	930	1	35	0	35
74272	119389		1	921	1	4
74272	119390		1	707	1	34
74273	119391		1	923	1	4
74273	119392		1	859	1	24
74274	119393		1	923	1	4
74274	119394		1	880	1	54
74274	119395		1	858	1	24
74275	119396		1	870	1	4
74275	119397		1	872	1	8
74275	119398		1	707	1	34
74276	119399		1	878	1	21
74276	119400		1	711	1	34
74277	119401		1	878	1	21
74277	119402		1	860	1	24
74278	119403		1	868	1	69
74278	119404		1	883	1	53
74279	119405		1	870	1	4
74279	119406		1	871	1	9
74279	119407		1	866	1	63
74280	119408		1	877	1	7
74281	119409		1	922	1	3
74282	119410		1	934	1	28
74282	119411		1	923	1	4
74282	119412		1	858	1	24
74283	119413		1	932	1	24
74283	119414		1	873	1	2
74284	119415		1	928	1	24
74284	119416		1	873	1	2
74284	119417		1	877	1	7
74285	119418		1	921	1	4
74285	119419		1	929	1	29
74285	119420		1	873	1	2
74286	119421		1	871	1	9
74286	119422		1	870	1	4
74286	119423		1	714	1	49
74287	119424		1	921	1	4
74287	119425		1	929	1	29
74287	119426		1	711	1	34
74287	119427		1	716	1	49
74288	119428		1	871	1	9
74288	119429		1	870	1	4
74288	119430		1	858	1	24
74289	119431		1	870	1	4
74289	119432		1	871	1	9
74290	119433		1	869	1	69
74290	119434		1	716	1	49
74291	119435		1	870	1	4
74291	119436		1	866	1	63
74292	119437		1	921	1	4
74292	119438		1	873	1	2
74293	119439		1	921	1	4
74293	119440		1	711	1	34
74293	119441		1	713	1	49
74294	119442		1	870	1	4
74295	119443		1	878	1	21
74296	119444		1	921	1	4
74297	119445		1	921	1	4
74298	119446		1	930	1	35	0	35
74298	119447		1	921	1	4
74299	119448		1	921	1	4
74299	119449		1	930	1	35	0	35
74299	119450		1	873	1	2
74300	119451		1	878	1	21
74300	119452		1	708	1	34
74301	119453		1	931	1	21
74301	119454		1	922	1	3
74301	119455		1	874	1	8
74302	119456		1	931	1	21
74302	119457		1	873	1	2
74303	119458		1	870	1	4
74303	119459		1	712	1	8
74304	119460		1	870	1	4
74305	119461		1	934	1	28
74305	119462		1	923	1	4
74306	119463		1	872	1	8
74306	119464		1	870	1	4
74306	119465		1	864	1	63
74307	119466		1	932	1	24
74308	119467		1	929	1	29
74308	119468		1	921	1	4
74308	119469		1	878	1	21
74308	119470		1	881	1	53
74309	119471		1	878	1	21
74310	119472		1	879	1	159	0	159
74311	119473		1	923	1	4
74311	119474		1	708	1	34
74312	119475		1	923	1	4
74312	119476		1	934	1	28
74312	119477		1	880	1	54
74313	119478		1	934	1	28
74313	119479		1	923	1	4
74313	119480		1	707	1	34
74314	119481		1	928	1	24
74315	119482		1	934	1	28
74315	119483		1	923	1	4
74315	119484		1	707	1	34
74316	119485		1	933	1	32
74316	119486		1	922	1	3
74316	119487		1	873	1	2
74317	119488		1	929	1	29
74317	119489		1	921	1	4
74317	119490		1	873	1	2
74318	119491		1	868	1	69
74318	119492		1	712	1	8
74318	119493		1	884	1	53
74319	119494		1	870	1	4
74319	119495		1	707	1	34
74319	119496		1	864	1	63
74320	119497		1	869	1	69
74320	119498		1	714	1	49
74320	119499		1	712	1	8
74321	119500		1	870	1	4
74321	119501		1	708	1	34
74322	119502		1	870	1	4
74322	119503		1	712	1	8
74323	119504		1	870	1	4
74323	119505		1	711	1	34
74324	119506		1	921	1	4
74325	119507		1	921	1	4
74325	119508		1	707	1	34
74325	119509		1	859	1	24
74326	119510		1	921	1	4
74326	119511		1	880	1	54
74327	119512		1	921	1	4
74327	119513		1	707	1	34
74328	119514		1	921	1	4
74328	119515		1	929	1	29
74328	119516		1	873	1	2
74329	119517		1	871	1	9
74329	119518		1	707	1	34
74330	119519		1	929	1	29
74330	119520		1	873	1	2
74331	119521		1	922	1	3
74332	119522		1	931	1	21
74332	119523		1	922	1	3
74332	119524		1	708	1	34
74333	119525		1	923	1	4
74334	119526		1	921	1	4
74334	119527		1	930	1	35	0	35
74334	119528		1	708	1	34
74334	119529		1	859	1	24
74335	119530		1	930	1	35	0	35
74335	119531		1	921	1	4
74336	119532		1	928	1	24
74337	119533		1	870	1	4
74337	119534		1	865	1	63
74338	119535		1	922	1	3
74338	119536		1	933	1	32
74339	119537		1	714	1	49
74340	119538		1	923	1	4
74340	119539		1	934	1	28
74340	119540		1	708	1	34
74340	119541		1	859	1	24
74341	119542		1	873	1	2
74342	119543		1	884	1	53
74343	119544		1	934	1	28
74343	119545		1	923	1	4
74343	119546		1	873	1	2
74344	119547		1	933	1	32
74345	119548		1	928	1	24
74345	119549		1	921	1	4
74346	119550		1	928	1	24
74347	119551		1	928	1	24
74347	119552		1	873	1	2
74348	119553		1	921	1	4
74348	119554		1	929	1	29
74349	119555		1	921	1	4
74349	119556		1	929	1	29
74349	119557		1	878	1	21
74349	119558		1	871	1	9
74349	119559		1	870	1	4
74349	119560		1	711	1	34
74350	119561		1	922	1	3
74350	119562		1	933	1	32
74351	119563		1	870	1	4
74352	119564		1	870	1	4
74352	119565		1	716	1	49
74352	119566		1	858	1	24
74353	119567		1	878	1	21
74353	119568		1	865	1	63
74354	119569		1	878	1	21
74355	119570		1	921	1	4
74355	119571		1	708	1	34
74355	119572		1	712	1	8
74356	119573		1	922	1	3
74356	119574		1	932	1	24
74356	119575		1	711	1	34
74356	119576		1	712	1	8
74357	119577		1	932	1	24
74357	119578		1	873	1	2
74358	119579		1	921	1	4
74358	119580		1	929	1	29
74358	119581		1	873	1	2
74359	119582		1	870	1	4
74359	119583		1	866	1	63
74360	119584		1	923	1	4
74360	119585		1	712	1	8
74360	119586		1	934	1	28
74361	119587		1	923	1	4
74361	119588		1	707	1	34
74362	119589		1	930	1	35	0	35
74362	119590		1	873	1	2
74363	119591		1	878	1	21
74363	119592		1	708	1	34
74364	119593		1	708	1	34
74365	119594		1	932	1	24
74365	119595		1	922	1	3
74365	119596		1	711	1	34
74366	119597		1	932	1	24
74366	119598		1	873	1	2
74367	119599		1	929	1	29
74367	119600		1	921	1	4
74367	119601		1	878	1	21
74367	119602		1	873	1	2
74368	119603		1	929	1	29
74369	119604		1	870	1	4
74369	119605		1	708	1	34
74370	119606		1	715	1	49
74371	119607		1	880	1	54
74372	119608		1	882	1	53
74373	119609		1	707	1	34
74374	119610		1	882	1	53
74375	119611		1	873	1	2
74376	119612		1	873	1	2
74377	119613		1	922	1	3
74377	119614		1	711	1	34
74377	119615		1	859	1	24
74378	119616		1	922	1	3
74378	119617		1	932	1	24
74378	119618		1	707	1	34
74379	119619		1	922	1	3
74379	119620		1	708	1	34
74380	119621		1	934	1	28
74381	119622		1	923	1	4
74381	119623		1	712	1	8
74381	119624		1	934	1	28
74382	119625		1	928	1	24
74383	119626		1	922	1	3
74383	119627		1	933	1	32
74384	119628		1	922	1	3
74384	119629		1	933	1	32
74384	119630		1	711	1	34
74385	119631		1	922	1	3
74385	119632		1	933	1	32
74386	119633		1	928	1	24
74386	119634		1	921	1	4
74386	119635		1	873	1	2
74387	119636		1	929	1	29
74387	119637		1	921	1	4
74387	119638		1	711	1	34
74388	119639		1	871	1	9
74388	119640		1	708	1	34
74388	119641		1	883	1	53
74389	119642		1	871	1	9
74389	119643		1	870	1	4
74390	119644		1	871	1	9
74390	119645		1	712	1	8
74390	119646		1	870	1	4
74391	119647		1	868	1	69
74391	119648		1	712	1	8
74391	119649		1	716	1	49
74392	119650		1	870	1	4
74392	119651		1	711	1	34
74393	119652		1	870	1	4
74393	119653		1	882	1	53
74394	119654		1	870	1	4
74394	119655		1	711	1	34
74394	119656		1	874	1	8
74395	119657		1	921	1	4
74395	119658		1	707	1	34
74396	119659		1	921	1	4
74396	119660		1	708	1	34
74397	119661		1	921	1	4
74397	119662		1	708	1	34
74397	119663		1	715	1	49
74398	119664		1	878	1	21
74399	119665		1	878	1	21
74399	119666		1	871	1	9
74399	119667		1	870	1	4
74399	119668		1	707	1	34
74399	119669		1	716	1	49
74399	119670		1	858	1	24
74400	119671		1	933	1	32
74400	119672		1	922	1	3
74400	119673		1	864	1	63
74401	119674		1	933	1	32
74401	119675		1	922	1	3
74401	119676		1	873	1	2
74402	119677		1	870	1	4
74402	119678		1	707	1	34
74403	119679		1	929	1	29
74403	119680		1	921	1	4
74403	119681		1	708	1	34
74403	119682		1	715	1	49
74404	119683		1	922	1	3
74404	119684		1	874	1	8
74405	119685		1	922	1	3
74406	119686		1	922	1	3
74406	119687		1	931	1	21
74406	119688		1	711	1	34
74406	119689		1	712	1	8
74407	119690		1	923	1	4
74407	119691		1	873	1	2
74408	119692		1	934	1	28
74408	119693		1	923	1	4
74408	119694		1	873	1	2
74409	119695		1	923	1	4
74409	119696		1	714	1	49
74410	119697		1	930	1	35	0	35
74410	119698		1	921	1	4
74411	119699		1	921	1	4
74411	119700		1	930	1	35	0	35
74411	119701		1	873	1	2
74412	119702		1	878	1	21
74412	119703		1	714	1	49
74413	119704		1	930	1	35	0	35
74413	119705		1	878	1	21
74413	119706		1	873	1	2
74414	119707		1	878	1	21
74414	119708		1	707	1	34
74415	119709		1	711	1	34
74416	119710		1	712	1	8
74417	119711		1	921	1	4
74417	119712		1	928	1	24
74417	119713		1	873	1	2
74418	119714		1	931	1	21
74418	119715		1	873	1	2
74419	119716		1	871	1	9
74419	119717		1	870	1	4
74419	119718		1	711	1	34
74420	119719		1	707	1	34
74421	119720		1	872	1	8
74421	119721		1	870	1	4
74421	119722		1	874	1	8
74422	119723		1	922	1	3
74422	119724		1	708	1	34
74423	119725		1	932	1	24
74423	119726		1	922	1	3
74423	119727		1	873	1	2
74424	119728		1	931	1	21
74425	119729		1	928	1	24
74425	119730		1	859	1	24
74426	119731		1	931	1	21
74426	119732		1	922	1	3
74427	119733		1	933	1	32
74428	119734		1	933	1	32
74428	119735		1	873	1	2
74429	119736		1	921	1	4
74429	119737		1	929	1	29
74429	119738		1	711	1	34
74430	119739		1	871	1	9
74430	119740		1	870	1	4
74431	119741		1	871	1	9
74431	119742		1	870	1	4
74432	119743		1	871	1	9
74433	119744		1	921	1	4
74434	119745		1	878	1	21
74434	119746		1	708	1	34
74434	119747		1	713	1	49
74435	119748		1	921	1	4
74435	119749		1	930	1	35	0	35
74435	119750		1	711	1	34
74435	119751		1	714	1	49
74435	119752		1	858	1	24
74436	119753		1	934	1	28
74436	119754		1	923	1	4
74436	119755		1	711	1	34
74437	119756		1	923	1	4
74437	119757		1	873	1	2
74437	119758		1	877	1	7
74438	119759		1	923	1	4
74438	119760		1	708	1	34
74439	119761		1	878	1	21
74439	119762		1	880	1	54
74440	119763		1	878	1	21
74440	119764		1	875	1	8
74441	119765		1	711	1	34
74442	119766		1	931	1	21
74442	119767		1	922	1	3
74442	119768		1	711	1	34
74443	119769		1	870	1	4
74443	119770		1	872	1	8
74443	119771		1	708	1	34
74443	119772		1	866	1	63
74444	119773		1	922	1	3
74445	119774		1	922	1	3
74445	119775		1	931	1	21
74445	119776		1	873	1	2
74446	119777		1	928	1	24
74446	119778		1	873	1	2
74447	119779		1	931	1	21
74447	119780		1	922	1	3
74448	119781		1	928	1	24
74448	119782		1	921	1	4
74448	119783		1	873	1	2
74449	119784		1	929	1	29
74449	119785		1	921	1	4
74450	119786		1	933	1	32
74450	119787		1	922	1	3
74450	119788		1	858	1	24
74451	119789		1	933	1	32
74451	119790		1	922	1	3
74451	119791		1	707	1	34
74452	119792		1	921	1	4
74452	119793		1	929	1	29
74452	119794		1	873	1	2
74453	119795		1	870	1	4
74453	119796		1	871	1	9
74454	119797		1	869	1	69
74455	119798		1	869	1	69
74456	119799		1	921	1	4
74456	119800		1	873	1	2
74456	119801		1	876	1	120	0	120
74457	119802		1	878	1	21
74457	119803		1	875	1	8
74458	119804		1	878	1	21
74458	119805		1	711	1	34
74459	119806		1	921	1	4
74459	119807		1	930	1	35	0	35
74459	119808		1	878	1	21
74459	119809		1	858	1	24
74460	119810		1	922	1	3
74460	119811		1	933	1	32
74461	119812		1	922	1	3
74461	119813		1	873	1	2
74462	119814		1	923	1	4
74462	119815		1	934	1	28
74462	119816		1	711	1	34
74463	119817		1	934	1	28
74463	119818		1	923	1	4
74463	119819		1	873	1	2
74464	119820		1	930	1	35	0	35
74464	119821		1	873	1	2
74465	119822		1	921	1	4
74465	119823		1	930	1	35	0	35
74465	119824		1	876	1	120	0	120
74466	119825		1	878	1	21
74466	119826		1	870	1	4
74466	119827		1	871	1	9
74467	119828		1	878	1	21
74467	119829		1	870	1	4
74467	119830		1	871	1	9
74467	119831		1	877	1	7
74468	119832		1	878	1	21
74468	119833		1	711	1	34
74469	119834		1	930	1	35	0	35
74470	119835		1	876	1	120	0	120
74471	119836		1	877	1	7
74472	119837		1	928	1	24
74473	119838		1	929	1	29
74473	119839		1	874	1	8
74474	119840		1	707	1	34
74474	119841		1	859	1	24
74475	119842		1	922	1	3
74476	119843		1	934	1	28
74476	119844		1	923	1	4
74477	119845		1	707	1	34
74478	119846		1	873	1	2
74479	119847		1	922	1	3
74479	119848		1	713	1	49
74480	119849		1	932	1	24
74480	119850		1	922	1	3
74481	119851		1	933	1	32
74481	119852		1	922	1	3
74481	119853		1	707	1	34
74481	119854		1	874	1	8
74482	119855		1	933	1	32
74483	119856		1	928	1	24
74483	119857		1	921	1	4
74483	119858		1	873	1	2
74483	119859		1	877	1	7
74484	119860		1	922	1	3
74484	119861		1	933	1	32
74485	119862		1	929	1	29
74485	119863		1	875	1	8
74486	119864		1	929	1	29
74487	119865		1	929	1	29
74488	119866		1	869	1	69
74489	119867		1	870	1	4
74490	119868		1	921	1	4
74490	119869		1	708	1	34
74491	119870		1	921	1	4
74491	119871		1	878	1	21
74491	119872		1	715	1	49
74492	119873		1	921	1	4
74493	119874		1	921	1	4
74493	119875		1	711	1	34
74494	119876		1	867	1	69
74494	119877		1	713	1	49
74495	119878		1	921	1	4
74495	119879		1	930	1	35	0	35
74495	119880		1	873	1	2
74496	119881		1	870	1	4
74496	119882		1	708	1	34
74497	119883		1	929	1	29
74497	119884		1	921	1	4
74497	119885		1	713	1	49
74498	119886		1	922	1	3
74498	119887		1	873	1	2
74499	119888		1	934	1	28
74499	119889		1	923	1	4
74499	119890		1	711	1	34
74500	119891		1	922	1	3
74500	119892		1	708	1	34
74501	119893		1	921	1	4
74501	119894		1	930	1	35	0	35
74501	119895		1	873	1	2
74502	119896		1	712	1	8
74502	119897		1	711	1	34
74503	119898		1	877	1	7
74504	119899		1	929	1	29
74504	119900		1	870	1	4
74505	119901		1	929	1	29
74505	119902		1	921	1	4
74506	119903		1	921	1	4
74506	119904		1	929	1	29
74506	119905		1	874	1	8
74507	119906		1	881	1	53
74508	119907		1	922	1	3
74508	119908		1	711	1	34
74508	119909		1	859	1	24
74509	119910		1	922	1	3
74509	119911		1	932	1	24
74510	119912		1	932	1	24
74510	119913		1	922	1	3
74510	119914		1	711	1	34
74511	119915		1	922	1	3
74512	119916		1	934	1	28
74512	119917		1	923	1	4
74512	119918		1	711	1	34
74513	119919		1	922	1	3
74513	119920		1	933	1	32
74513	119921		1	711	1	34
74513	119922		1	714	1	49
74514	119923		1	933	1	32
74514	119924		1	873	1	2
74515	119925		1	929	1	29
74515	119926		1	921	1	4
74515	119927		1	873	1	2
74516	119928		1	929	1	29
74516	119929		1	921	1	4
74516	119930		1	879	1	159	0	159
74517	119931		1	871	1	9
74518	119932		1	869	1	69
74519	119933		1	712	1	8
74519	119934		1	869	1	69
74520	119935		1	869	1	69
74521	119936		1	867	1	69
74521	119937		1	875	1	8
74522	119938		1	870	1	4
74522	119939		1	881	1	53
74523	119940		1	921	1	4
74524	119941		1	922	1	3
74524	119942		1	933	1	32
74524	119943		1	876	1	120	0	120
74525	119944		1	922	1	3
74525	119945		1	933	1	32
74525	119946		1	879	1	159	0	159
74526	119947		1	929	1	29
74526	119948		1	921	1	4
74526	119949		1	707	1	34
74527	119950		1	870	1	4
74527	119951		1	711	1	34
74528	119952		1	870	1	4
74529	119953		1	930	1	35	0	35
74530	119954		1	930	1	35	0	35
74531	119955		1	878	1	21
74531	119956		1	707	1	34
74532	119957		1	715	1	49
74532	119958		1	712	1	8
74533	119959		1	929	1	29
74533	119960		1	873	1	2
74534	119961		1	878	1	21
74534	119962		1	882	1	53
74535	119963		1	868	1	69
74535	119964		1	883	1	53
74536	119965		1	873	1	2
74537	119966		1	876	1	120	0	120
74538	119967		1	922	1	3
74538	119968		1	873	1	2
74539	119969		1	934	1	28
74540	119970		1	928	1	24
74540	119971		1	921	1	4
74540	119972		1	707	1	34
74541	119973		1	933	1	32
74541	119974		1	922	1	3
74542	119975		1	928	1	24
74542	119976		1	921	1	4
74542	119977		1	708	1	34
74543	119978		1	870	1	4
74544	119979		1	712	1	8
74544	119980		1	878	1	21
74545	119981		1	878	1	21
74545	119982		1	711	1	34
74545	119983		1	859	1	24
74546	119984		1	928	1	24
74546	119985		1	859	1	24
74547	119986		1	931	1	21
74547	119987		1	922	1	3
74547	119988		1	707	1	34
74547	119989		1	713	1	49
74548	119990		1	930	1	35	0	35
74549	119991		1	878	1	21
74550	119992		1	712	1	8
74551	119993		1	714	1	49
74552	119994		1	932	1	24
74552	119995		1	922	1	3
74552	119996		1	708	1	34
74552	119997		1	881	1	53
74553	119998		1	931	1	21
74553	119999		1	873	1	2
74553	120000		1	877	1	7
74554	120001		1	870	1	4
74554	120002		1	876	1	120	0	120
74555	120003		1	929	1	29
74555	120004		1	921	1	4
74555	120005		1	865	1	63
74555	120006		1	708	1	34
74556	120007		1	869	1	69
74557	120008		1	871	1	9
74557	120009		1	870	1	4
74557	120010		1	884	1	53
74557	120011		1	712	1	8
74558	120012		1	873	1	2
74559	120013		1	859	1	24
74560	120014		1	708	1	34
74561	120015		1	876	1	120	0	120
74562	120016		1	931	1	21
74563	120017		1	928	1	24
74563	120018		1	873	1	2
74564	120019		1	928	1	24
74564	120020		1	921	1	4
74564	120021		1	707	1	34
74564	120022		1	716	1	49
74565	120023		1	933	1	32
74565	120024		1	922	1	3
74565	120025		1	873	1	2
74566	120026		1	929	1	29
74566	120027		1	921	1	4
74566	120028		1	707	1	34
74567	120029		1	871	1	9
74567	120030		1	880	1	54
74567	120031		1	877	1	7
74568	120032		1	865	1	63
74568	120033		1	870	1	4
74569	120034		1	921	1	4
74570	120035		1	921	1	4
74570	120036		1	873	1	2
74571	120037		1	712	1	8
74571	120038		1	870	1	4
74572	120039		1	921	1	4
74572	120040		1	713	1	49
74573	120041		1	921	1	4
74573	120042		1	873	1	2
74574	120043		1	867	1	69
74575	120044		1	867	1	69
74576	120045		1	870	1	4
74576	120046		1	711	1	34
74577	120047		1	931	1	21
74577	120048		1	922	1	3
74577	120049		1	873	1	2
74578	120050		1	923	1	4
74579	120051		1	921	1	4
74579	120052		1	930	1	35	0	35
74580	120053		1	921	1	4
74580	120054		1	930	1	35	0	35
74580	120055		1	879	1	159	0	159
74581	120056		1	921	1	4
74581	120057		1	930	1	35	0	35
74581	120058		1	871	1	9
74581	120059		1	870	1	4
74581	120060		1	708	1	34
74582	120061		1	930	1	35	0	35
74582	120062		1	921	1	4
74582	120063		1	711	1	34
74583	120064		1	712	1	8
74584	120065		1	712	1	8
74584	120066		1	711	1	34
74585	120067		1	922	1	3
74585	120068		1	931	1	21
74585	120069		1	884	1	53
74586	120070		1	931	1	21
74586	120071		1	922	1	3
74586	120072		1	707	1	34
74586	120073		1	860	1	24
74587	120074		1	922	1	3
74588	120075		1	934	1	28
74588	120076		1	923	1	4
74588	120077		1	711	1	34
74589	120078		1	712	1	8
74590	120079		1	712	1	8
74591	120080		1	872	1	8
74591	120081		1	870	1	4
74591	120082		1	708	1	34
74592	120083		1	873	1	2
74593	120084		1	923	1	4
74593	120085		1	711	1	34
74593	120086		1	860	1	24
74594	120087		1	923	1	4
74594	120088		1	708	1	34
74594	120089		1	874	1	8
74595	120090		1	931	1	21
74595	120091		1	873	1	2
74595	120092		1	877	1	7
74596	120093		1	923	1	4
74597	120094		1	928	1	24
74597	120095		1	921	1	4
74598	120096		1	934	1	28
74598	120097		1	923	1	4
74598	120098		1	877	1	7
74599	120099		1	933	1	32
74599	120100		1	922	1	3
74599	120101		1	873	1	2
74600	120102		1	871	1	9
74601	120103		1	712	1	8
74601	120104		1	868	1	69
74602	120105		1	870	1	4
74603	120106		1	870	1	4
74603	120107		1	881	1	53
74603	120108		1	712	1	8
74604	120109		1	870	1	4
74604	120110		1	880	1	54
74604	120111		1	877	1	7
74605	120112		1	921	1	4
74605	120113		1	708	1	34
74606	120114		1	921	1	4
74606	120115		1	707	1	34
74607	120116		1	878	1	21
74607	120117		1	871	1	9
74607	120118		1	870	1	4
74607	120119		1	708	1	34
74608	120120		1	933	1	32
74608	120121		1	922	1	3
74609	120122		1	929	1	29
74609	120123		1	921	1	4
74609	120124		1	878	1	21
74609	120125		1	871	1	9
74609	120126		1	870	1	4
74610	120127		1	870	1	4
74610	120128		1	711	1	34
74611	120129		1	870	1	4
74612	120130		1	922	1	3
74612	120131		1	707	1	34
74613	120132		1	922	1	3
74614	120133		1	923	1	4
74614	120134		1	708	1	34
74615	120135		1	921	1	4
74615	120136		1	930	1	35	0	35
74615	120137		1	711	1	34
74615	120138		1	858	1	24
74616	120139		1	923	1	4
74616	120140		1	873	1	2
74617	120141		1	878	1	21
74617	120142		1	871	1	9
74617	120143		1	870	1	4
74618	120144		1	714	1	49
74619	120145		1	712	1	8
74620	120146		1	928	1	24
74620	120147		1	921	1	4
74620	120148		1	707	1	34
74621	120149		1	870	1	4
74621	120150		1	707	1	34
74621	120151		1	858	1	24
74622	120152		1	880	1	54
74622	120153		1	865	1	63
74623	120154		1	883	1	53
74624	120155		1	881	1	53
74625	120156		1	922	1	3
74625	120157		1	708	1	34
74626	120158		1	713	1	49
74627	120159		1	931	1	21
74627	120160		1	922	1	3
74627	120161		1	875	1	8
74628	120162		1	928	1	24
74628	120163		1	873	1	2
74629	120164		1	921	1	4
74629	120165		1	928	1	24
74629	120166		1	707	1	34
74630	120167		1	933	1	32
74631	120168		1	929	1	29
74632	120169		1	871	1	9
74632	120170		1	870	1	4
74632	120171		1	712	1	8
74633	120172		1	929	1	29
74633	120173		1	921	1	4
74633	120174		1	859	1	24
74633	120175		1	707	1	34
74634	120176		1	868	1	69
74634	120177		1	716	1	49
74634	120178		1	858	1	24
74635	120179		1	871	1	9
74636	120180		1	868	1	69
74636	120181		1	712	1	8
74637	120182		1	868	1	69
74638	120183		1	866	1	63
74638	120184		1	868	1	69
74639	120185		1	712	1	8
74639	120186		1	870	1	4
74640	120187		1	870	1	4
74640	120188		1	708	1	34
74641	120189		1	870	1	4
74641	120190		1	707	1	34
74642	120191		1	921	1	4
74642	120192		1	873	1	2
74643	120193		1	931	1	21
74644	120194		1	922	1	3
74644	120195		1	873	1	2
74645	120196		1	922	1	3
74646	120197		1	934	1	28
74646	120198		1	923	1	4
74646	120199		1	873	1	2
74647	120200		1	930	1	35	0	35
74648	120201		1	930	1	35	0	35
74648	120202		1	921	1	4
74648	120203		1	878	1	21
74648	120204		1	707	1	34
74648	120205		1	858	1	24
74649	120206		1	870	1	4
74649	120207		1	872	1	8
74649	120208		1	882	1	53
74650	120209		1	874	1	8
74650	120210		1	878	1	21
74651	120211		1	931	1	21
74652	120212		1	931	1	21
74652	120213		1	922	1	3
74652	120214		1	707	1	34
74653	120215		1	921	1	4
74653	120216		1	711	1	34
74654	120217		1	922	1	3
74654	120218		1	873	1	2
74655	120219		1	870	1	4
74655	120220		1	871	1	9
74656	120221		1	711	1	34
74656	120222		1	715	1	49
74656	120223		1	712	1	8
74657	120224		1	934	1	28
74657	120225		1	923	1	4
74657	120226		1	884	1	53
74658	120227		1	922	1	3
74658	120228		1	873	1	2
74659	120229		1	931	1	21
74659	120230		1	922	1	3
74659	120231		1	711	1	34
74659	120232		1	713	1	49
74660	120233		1	933	1	32
74660	120234		1	922	1	3
74660	120235		1	711	1	34
74661	120236		1	933	1	32
74661	120237		1	712	1	8
74661	120238		1	922	1	3
74662	120239		1	929	1	29
74663	120240		1	929	1	29
74664	120241		1	870	1	4
74664	120242		1	871	1	9
74664	120243		1	711	1	34
74665	120244		1	868	1	69
74665	120245		1	712	1	8
74665	120246		1	713	1	49
74666	120247		1	870	1	4
74667	120248		1	870	1	4
74667	120249		1	882	1	53
74668	120250		1	870	1	4
74668	120251		1	712	1	8
74669	120252		1	921	1	4
74669	120253		1	708	1	34
74670	120254		1	870	1	4
74670	120255		1	708	1	34
74670	120256		1	859	1	24
74670	120257		1	715	1	49
74671	120258		1	878	1	21
74672	120259		1	865	1	63
74672	120260		1	878	1	21
74673	120261		1	878	1	21
74674	120262		1	878	1	21
74674	120263		1	873	1	2
74675	120264		1	878	1	21
74675	120265		1	865	1	63
74676	120266		1	922	1	3
74676	120267		1	933	1	32
74676	120268		1	708	1	34
74677	120269		1	922	1	3
74677	120270		1	932	1	24
74677	120271		1	880	1	54
74678	120272		1	932	1	24
74679	120273		1	929	1	29
74679	120274		1	921	1	4
74679	120275		1	878	1	21
74679	120276		1	713	1	49
74679	120277		1	858	1	24
74680	120278		1	934	1	28
74680	120279		1	923	1	4
74681	120280		1	922	1	3
74682	120281		1	870	1	4
74682	120282		1	882	1	53
74683	120283		1	931	1	21
74683	120284		1	922	1	3
74683	120285		1	873	1	2
74684	120286		1	931	1	21
74685	120287		1	923	1	4
74685	120288		1	934	1	28
74685	120289		1	708	1	34
74686	120290		1	923	1	4
74687	120291		1	921	1	4
74687	120292		1	930	1	35	0	35
74687	120293		1	708	1	34
74688	120294		1	921	1	4
74688	120295		1	930	1	35	0	35
74688	120296		1	873	1	2
74689	120297		1	712	1	8
74690	120298		1	922	1	3
74690	120299		1	932	1	24
74690	120300		1	873	1	2
74691	120301		1	864	1	63
74691	120302		1	878	1	21
74692	120303		1	930	1	35	0	35
74692	120304		1	921	1	4
74693	120305		1	712	1	8
74693	120306		1	869	1	69
74694	120307		1	713	1	49
74695	120308		1	873	1	2
74696	120309		1	923	1	4
74696	120310		1	707	1	34
74697	120311		1	923	1	4
74697	120312		1	711	1	34
74698	120313		1	922	1	3
74698	120314		1	933	1	32
74699	120315		1	922	1	3
74699	120316		1	933	1	32
74699	120317		1	873	1	2
74700	120318		1	921	1	4
74700	120319		1	929	1	29
74700	120320		1	873	1	2
74700	120321		1	877	1	7
74700	120322		1	876	1	120	0	120
74701	120323		1	870	1	4
74701	120324		1	712	1	8
74701	120325		1	871	1	9
74702	120326		1	871	1	9
74702	120327		1	870	1	4
74703	120328		1	870	1	4
74703	120329		1	880	1	54
74703	120330		1	877	1	7
74704	120331		1	870	1	4
74704	120332		1	873	1	2
74705	120333		1	921	1	4
74705	120334		1	873	1	2
74706	120335		1	870	1	4
74706	120336		1	708	1	34
74707	120337		1	921	1	4
74707	120338		1	711	1	34
74708	120339		1	921	1	4
74708	120340		1	707	1	34
74708	120341		1	858	1	24
74709	120342		1	922	1	3
74709	120343		1	932	1	24
74709	120344		1	708	1	34
74709	120345		1	712	1	8
74710	120346		1	929	1	29
74710	120347		1	921	1	4
74710	120348		1	873	1	2
74711	120349		1	870	1	4
74711	120350		1	707	1	34
74712	120351		1	931	1	21
74712	120352		1	922	1	3
74712	120353		1	714	1	49
74712	120354		1	858	1	24
74713	120355		1	934	1	28
74713	120356		1	923	1	4
74713	120357		1	873	1	2
74713	120358		1	877	1	7
74714	120359		1	923	1	4
74714	120360		1	873	1	2
74715	120361		1	921	1	4
74715	120362		1	930	1	35	0	35
74715	120363		1	873	1	2
74716	120364		1	871	1	9
74716	120365		1	711	1	34
74717	120366		1	711	1	34
74717	120367		1	712	1	8
74718	120368		1	878	1	21
74718	120369		1	708	1	34
74719	120370		1	928	1	24
74719	120371		1	921	1	4
74719	120372		1	878	1	21
74719	120373		1	707	1	34
74720	120374		1	876	1	120	0	120
74721	120375		1	921	1	4
74721	120376		1	929	1	29
74722	120377		1	931	1	21
74723	120378		1	870	1	4
74724	120379		1	922	1	3
74724	120380		1	707	1	34
74724	120381		1	874	1	8
74725	120382		1	934	1	28
74725	120383		1	923	1	4
74725	120384		1	880	1	54
74726	120385		1	884	1	53
74727	120386		1	928	1	24
74728	120387		1	928	1	24
74728	120388		1	921	1	4
74728	120389		1	873	1	2
74729	120390		1	933	1	32
74729	120391		1	922	1	3
74729	120392		1	708	1	34
74729	120393		1	858	1	24
74730	120394		1	928	1	24
74730	120395		1	707	1	34
74731	120396		1	921	1	4
74731	120397		1	929	1	29
74731	120398		1	708	1	34
74731	120399		1	859	1	24
74732	120400		1	929	1	29
74732	120401		1	873	1	2
74733	120402		1	871	1	9
74733	120403		1	870	1	4
74733	120404		1	711	1	34
74733	120405		1	715	1	49
74734	120406		1	869	1	69
74734	120407		1	858	1	24
74735	120408		1	870	1	4
74735	120409		1	707	1	34
74736	120410		1	870	1	4
74736	120411		1	860	1	24
74737	120412		1	870	1	4
74737	120413		1	711	1	34
74737	120414		1	860	1	24
74738	120415		1	878	1	21
74738	120416		1	873	1	2
74739	120417		1	878	1	21
74740	120418		1	878	1	21
74740	120419		1	714	1	49
74741	120420		1	921	1	4
74741	120421		1	878	1	21
74741	120422		1	871	1	9
74741	120423		1	870	1	4
74741	120424		1	707	1	34
74742	120425		1	921	1	4
74742	120426		1	930	1	35	0	35
74742	120427		1	877	1	7
74743	120428		1	869	1	69
74743	120429		1	874	1	8
74744	120430		1	928	1	24
74744	120431		1	873	1	2
74745	120432		1	712	1	8
74745	120433		1	922	1	3
74746	120434		1	931	1	21
74746	120435		1	922	1	3
74746	120436		1	711	1	34
74747	120437		1	934	1	28
74747	120438		1	923	1	4
74747	120439		1	707	1	34
74747	120440		1	715	1	49
74748	120441		1	922	1	3
74748	120442		1	712	1	8
74748	120443		1	884	1	53
74749	120444		1	934	1	28
74749	120445		1	923	1	4
74749	120446		1	708	1	34
74749	120447		1	714	1	49
74750	120448		1	921	1	4
74750	120449		1	930	1	35	0	35
74751	120450		1	930	1	35	0	35
74751	120451		1	873	1	2
74751	120452		1	877	1	7
74752	120453		1	878	1	21
74753	120454		1	930	1	35	0	35
74753	120455		1	921	1	4
74753	120456		1	878	1	21
74753	120457		1	708	1	34
74754	120458		1	922	1	3
74754	120459		1	932	1	24
74754	120460		1	873	1	2
74755	120461		1	929	1	29
74756	120462		1	870	1	4
74756	120463		1	873	1	2
74757	120464		1	921	1	4
74757	120465		1	707	1	34
74757	120466		1	882	1	53
74757	120467		1	859	1	24
74758	120468		1	711	1	34
74759	120469		1	922	1	3
74759	120470		1	707	1	34
74760	120471		1	922	1	3
74760	120472		1	931	1	21
74760	120473		1	873	1	2
74760	120474		1	877	1	7
74760	120475		1	879	1	159	0	159
74761	120476		1	928	1	24
74761	120477		1	873	1	2
74762	120478		1	933	1	32
74762	120479		1	873	1	2
74763	120480		1	933	1	32
74763	120481		1	922	1	3
74763	120482		1	708	1	34
74763	120483		1	715	1	49
74764	120484		1	929	1	29
74764	120485		1	921	1	4
74764	120486		1	707	1	34
74765	120487		1	871	1	9
74765	120488		1	870	1	4
74765	120489		1	882	1	53
74766	120490		1	871	1	9
74766	120491		1	880	1	54
74766	120492		1	877	1	7
74767	120493		1	870	1	4
74767	120494		1	708	1	34
74768	120495		1	921	1	4
74768	120496		1	873	1	2
74769	120497		1	921	1	4
74769	120498		1	873	1	2
74770	120499		1	878	1	21
74770	120500		1	871	1	9
74770	120501		1	858	1	24
74770	120502		1	870	1	4
74771	120503		1	921	1	4
74771	120504		1	928	1	24
74772	120505		1	921	1	4
74772	120506		1	929	1	29
74772	120507		1	878	1	21
74772	120508		1	858	1	24
74772	120509		1	713	1	49
74773	120510		1	870	1	4
74773	120511		1	875	1	8
74774	120512		1	932	1	24
74774	120513		1	922	1	3
74774	120514		1	714	1	49
74775	120515		1	934	1	28
74775	120516		1	923	1	4
74775	120517		1	872	1	8
74776	120518		1	923	1	4
74776	120519		1	711	1	34
74777	120520		1	934	1	28
74778	120521		1	930	1	35	0	35
74778	120522		1	921	1	4
74778	120523		1	708	1	34
74779	120524		1	930	1	35	0	35
74779	120525		1	873	1	2
74779	120526		1	876	1	120	0	120
74779	120527		1	715	1	49
74780	120528		1	921	1	4
74780	120529		1	930	1	35	0	35
74780	120530		1	707	1	34
74781	120531		1	878	1	21
74781	120532		1	871	1	9
74781	120533		1	870	1	4
74781	120534		1	712	1	8
74782	120535		1	711	1	34
74783	120536		1	715	1	49
74784	120537		1	877	1	7
74785	120538		1	877	1	7
74786	120539		1	928	1	24
74786	120540		1	873	1	2
74787	120541		1	931	1	21
74787	120542		1	873	1	2
74788	120543		1	870	1	4
74788	120544		1	712	1	8
74789	120545		1	869	1	69
74789	120546		1	712	1	8
74790	120547		1	882	1	53
74790	120548		1	712	1	8
74791	120549		1	712	1	8
74792	120550		1	884	1	53
74793	120551		1	873	1	2
74793	120552		1	876	1	120	0	120
74794	120553		1	873	1	2
74795	120554		1	921	1	4
74795	120555		1	928	1	24
74795	120556		1	711	1	34
74796	120557		1	923	1	4
74796	120558		1	873	1	2
74797	120559		1	933	1	32
74797	120560		1	922	1	3
74797	120561		1	714	1	49
74797	120562		1	712	1	8
74798	120563		1	929	1	29
74799	120564		1	929	1	29
74800	120565		1	871	1	9
74800	120566		1	870	1	4
74801	120567		1	871	1	9
74801	120568		1	870	1	4
74801	120569		1	707	1	34
74802	120570		1	870	1	4
74803	120571		1	869	1	69
74803	120572		1	860	1	24
74804	120573		1	869	1	69
74804	120574		1	712	1	8
74804	120575		1	715	1	49
74805	120576		1	921	1	4
74805	120577		1	873	1	2
74806	120578		1	928	1	24
74806	120579		1	921	1	4
74806	120580		1	708	1	34
74807	120581		1	921	1	4
74807	120582		1	928	1	24
74807	120583		1	873	1	2
74808	120584		1	930	1	35	0	35
74808	120585		1	873	1	2
74809	120586		1	878	1	21
74809	120587		1	877	1	7
74810	120588		1	715	1	49
74811	120589		1	931	1	21
74811	120590		1	873	1	2
74812	120591		1	921	1	4
74812	120592		1	708	1	34
74812	120593		1	882	1	53
74813	120594		1	870	1	4
74814	120595		1	882	1	53
74815	120596		1	931	1	21
74815	120597		1	922	1	3
74815	120598		1	708	1	34
74816	120599		1	923	1	4
74816	120600		1	934	1	28
74816	120601		1	880	1	54
74816	120602		1	716	1	49
74817	120603		1	931	1	21
74817	120604		1	873	1	2
74818	120605		1	934	1	28
74819	120606		1	933	1	32
74819	120607		1	922	1	3
74819	120608		1	873	1	2
74820	120609		1	922	1	3
74820	120610		1	933	1	32
74820	120611		1	708	1	34
74820	120612		1	859	1	24
74821	120613		1	871	1	9
74821	120614		1	870	1	4
74822	120615		1	869	1	69
74822	120616		1	716	1	49
74823	120617		1	867	1	69
74823	120618		1	884	1	53
74824	120619		1	869	1	69
74824	120620		1	712	1	8
74825	120621		1	870	1	4
74825	120622		1	858	1	24
74826	120623		1	712	1	8
74826	120624		1	870	1	4
74827	120625		1	921	1	4
74827	120626		1	708	1	34
74827	120627		1	714	1	49
74827	120628		1	859	1	24
74828	120629		1	928	1	24
74828	120630		1	870	1	4
74828	120631		1	864	1	63
74829	120632		1	878	1	21
74829	120633		1	865	1	63
74830	120634		1	869	1	69
74830	120635		1	714	1	49
74831	120636		1	929	1	29
74831	120637		1	874	1	8
74832	120638		1	922	1	3
74832	120639		1	711	1	34
74832	120640		1	712	1	8
74833	120641		1	922	1	3
74833	120642		1	873	1	2
74834	120643		1	922	1	3
74834	120644		1	873	1	2
74835	120645		1	934	1	28
74835	120646		1	923	1	4
74835	120647		1	711	1	34
74836	120648		1	931	1	21
74836	120649		1	922	1	3
74836	120650		1	707	1	34
74837	120651		1	923	1	4
74837	120652		1	872	1	8
74838	120653		1	878	1	21
74838	120654		1	864	1	63
74839	120655		1	878	1	21
74839	120656		1	874	1	8
74840	120657		1	878	1	21
74840	120658		1	874	1	8
74841	120659		1	878	1	21
74841	120660		1	877	1	7
74842	120661		1	871	1	9
74842	120662		1	711	1	34
74843	120663		1	922	1	3
74843	120664		1	873	1	2
74844	120665		1	928	1	24
74845	120666		1	921	1	4
74845	120667		1	928	1	24
74845	120668		1	871	1	9
74845	120669		1	870	1	4
74845	120670		1	873	1	2
74845	120671		1	879	1	159	0	159
74846	120672		1	869	1	69
74846	120673		1	884	1	53
74847	120674		1	715	1	49
74848	120675		1	714	1	49
74849	120676		1	923	1	4
74849	120677		1	934	1	28
74849	120678		1	873	1	2
74850	120679		1	934	1	28
74850	120680		1	923	1	4
74850	120681		1	707	1	34
74851	120682		1	873	1	2
74852	120683		1	879	1	159	0	159
74853	120684		1	933	1	32
74853	120685		1	922	1	3
74853	120686		1	873	1	2
74854	120687		1	859	1	24
74855	120688		1	873	1	2
74856	120689		1	923	1	4
74856	120690		1	873	1	2
74857	120691		1	923	1	4
74857	120692		1	934	1	28
74857	120693		1	716	1	49
74858	120694		1	928	1	24
74858	120695		1	858	1	24
74859	120696		1	929	1	29
74859	120697		1	921	1	4
74860	120698		1	871	1	9
74860	120699		1	870	1	4
74861	120700		1	871	1	9
74861	120701		1	870	1	4
74862	120702		1	871	1	9
74862	120703		1	870	1	4
74862	120704		1	708	1	34
74862	120705		1	875	1	8
74863	120706		1	871	1	9
74863	120707		1	870	1	4
74864	120708		1	867	1	69
74864	120709		1	713	1	49
74864	120710		1	712	1	8
74865	120711		1	870	1	4
74865	120712		1	712	1	8
74866	120713		1	870	1	4
74867	120714		1	921	1	4
74867	120715		1	873	1	2
74868	120716		1	928	1	24
74869	120717		1	929	1	29
74869	120718		1	921	1	4
74869	120719		1	878	1	21
74869	120720		1	870	1	4
74869	120721		1	871	1	9
74869	120722		1	711	1	34
74869	120723		1	712	1	8
74870	120724		1	870	1	4
74870	120725		1	884	1	53
74870	120726		1	712	1	8
74871	120727		1	922	1	3
74871	120728		1	931	1	21
74872	120729		1	934	1	28
74872	120730		1	923	1	4
74872	120731		1	712	1	8
74873	120732		1	929	1	29
74874	120733		1	921	1	4
74874	120734		1	929	1	29
74874	120735		1	880	1	54
74874	120736		1	877	1	7
74874	120737		1	860	1	24
74875	120738		1	878	1	21
74875	120739		1	713	1	49
74876	120740		1	921	1	4
74876	120741		1	873	1	2
74877	120742		1	870	1	4
74877	120743		1	882	1	53
74878	120744		1	882	1	53
74879	120745		1	879	1	159	0	159
74880	120746		1	922	1	3
74880	120747		1	873	1	2
74881	120748		1	923	1	4
74881	120749		1	708	1	34
74882	120750		1	932	1	24
74882	120751		1	922	1	3
74882	120752		1	873	1	2
74883	120753		1	932	1	24
74883	120754		1	873	1	2
74884	120755		1	923	1	4
74885	120756		1	923	1	4
74885	120757		1	873	1	2
74886	120758		1	931	1	21
74886	120759		1	873	1	2
74887	120760		1	923	1	4
74888	120761		1	928	1	24
74888	120762		1	859	1	24
74889	120763		1	928	1	24
74890	120764		1	933	1	32
74890	120765		1	922	1	3
74890	120766		1	708	1	34
74891	120767		1	929	1	29
74891	120768		1	873	1	2
74892	120769		1	871	1	9
74892	120770		1	712	1	8
74892	120771		1	870	1	4
74893	120772		1	867	1	69
74893	120773		1	713	1	49
74893	120774		1	712	1	8
74894	120775		1	868	1	69
74895	120776		1	867	1	69
74896	120777		1	867	1	69
74897	120778		1	870	1	4
74897	120779		1	712	1	8
74898	120780		1	868	1	69
74898	120781		1	712	1	8
74899	120782		1	921	1	4
74899	120783		1	873	1	2
74900	120784		1	933	1	32
74900	120785		1	922	1	3
74900	120786		1	865	1	63
74901	120787		1	929	1	29
74901	120788		1	874	1	8
74902	120789		1	929	1	29
74902	120790		1	873	1	2
74903	120791		1	922	1	3
74903	120792		1	711	1	34
74904	120793		1	870	1	4
74905	120794		1	931	1	21
74905	120795		1	873	1	2
74906	120796		1	934	1	28
74906	120797		1	923	1	4
74907	120798		1	923	1	4
74907	120799		1	934	1	28
74907	120800		1	711	1	34
74908	120801		1	930	1	35	0	35
74908	120802		1	921	1	4
74908	120803		1	711	1	34
74909	120804		1	930	1	35	0	35
74909	120805		1	921	1	4
74909	120806		1	708	1	34
74909	120807		1	866	1	63
74910	120808		1	930	1	35	0	35
74910	120809		1	873	1	2
74911	120810		1	878	1	21
74911	120811		1	877	1	7
74912	120812		1	878	1	21
74912	120813		1	873	1	2
74913	120814		1	877	1	7
74914	120815		1	922	1	3
74914	120816		1	932	1	24
74914	120817		1	881	1	53
74914	120818		1	712	1	8
74915	120819		1	930	1	35	0	35
74915	120820		1	921	1	4
74915	120821		1	878	1	21
74915	120822		1	711	1	34
74915	120823		1	858	1	24
74916	120824		1	870	1	4
74916	120825		1	712	1	8
74917	120826		1	881	1	53
74918	120827		1	712	1	8
74919	120828		1	711	1	34
74920	120829		1	932	1	24
74920	120830		1	922	1	3
74920	120831		1	708	1	34
74920	120832		1	874	1	8
74921	120833		1	922	1	3
74921	120834		1	932	1	24
74921	120835		1	873	1	2
74922	120836		1	928	1	24
74923	120837		1	934	1	28
74923	120838		1	923	1	4
74923	120839		1	707	1	34
74924	120840		1	933	1	32
74925	120841		1	934	1	28
74925	120842		1	923	1	4
74925	120843		1	707	1	34
74926	120844		1	929	1	29
74926	120845		1	865	1	63
74927	120846		1	921	1	4
74927	120847		1	929	1	29
74927	120848		1	877	1	7
74928	120849		1	929	1	29
74928	120850		1	921	1	4
74929	120851		1	871	1	9
74929	120852		1	870	1	4
74929	120853		1	707	1	34
74930	120854		1	867	1	69
74931	120855		1	870	1	4
74931	120856		1	880	1	54
74932	120857		1	870	1	4
74932	120858		1	707	1	34
74932	120859		1	712	1	8
74932	120860		1	714	1	49
74933	120861		1	929	1	29
74933	120862		1	921	1	4
74933	120863		1	878	1	21
74934	120864		1	934	1	28
74934	120865		1	923	1	4
74934	120866		1	707	1	34
74935	120867		1	930	1	35	0	35
74936	120868		1	878	1	21
74936	120869		1	708	1	34
74936	120870		1	713	1	49
74937	120871		1	878	1	21
74937	120872		1	882	1	53
74938	120873		1	921	1	4
74938	120874		1	877	1	7
74939	120875		1	922	1	3
74939	120876		1	879	1	159	0	159
74940	120877		1	883	1	53
74941	120878		1	714	1	49
74942	120879		1	932	1	24
74942	120880		1	922	1	3
74942	120881		1	712	1	8
74943	120882		1	934	1	28
74943	120883		1	923	1	4
74943	120884		1	711	1	34
74944	120885		1	922	1	3
74944	120886		1	932	1	24
74944	120887		1	707	1	34
74944	120888		1	882	1	53
74944	120889		1	712	1	8
74945	120890		1	923	1	4
74945	120891		1	934	1	28
74945	120892		1	873	1	2
74946	120893		1	934	1	28
74946	120894		1	923	1	4
74946	120895		1	711	1	34
74946	120896		1	716	1	49
74947	120897		1	922	1	3
74947	120898		1	933	1	32
74947	120899		1	873	1	2
74948	120900		1	929	1	29
74948	120901		1	921	1	4
74949	120902		1	929	1	29
74949	120903		1	921	1	4
74949	120904		1	708	1	34
74950	120905		1	871	1	9
74950	120906		1	870	1	4
74950	120907		1	711	1	34
74950	120908		1	859	1	24
74951	120909		1	871	1	9
74952	120910		1	871	1	9
74953	120911		1	871	1	9
74953	120912		1	870	1	4
74953	120913		1	708	1	34
74954	120914		1	867	1	69
74954	120915		1	716	1	49
74955	120916		1	870	1	4
74956	120917		1	870	1	4
74957	120918		1	921	1	4
74957	120919		1	873	1	2
74958	120920		1	870	1	4
74959	120921		1	921	1	4
74959	120922		1	871	1	9
74959	120923		1	870	1	4
74959	120924		1	707	1	34
74960	120925		1	921	1	4
74960	120926		1	878	1	21
74960	120927		1	879	1	159	0	159
74961	120928		1	878	1	21
74962	120929		1	921	1	4
74962	120930		1	878	1	21
74962	120931		1	711	1	34
74963	120932		1	878	1	21
74964	120933		1	932	1	24
74964	120934		1	922	1	3
74964	120935		1	707	1	34
74965	120936		1	931	1	21
74965	120937		1	922	1	3
74965	120938		1	873	1	2
74966	120939		1	930	1	35	0	35
74966	120940		1	921	1	4
74967	120941		1	930	1	35	0	35
74967	120942		1	878	1	21
74967	120943		1	711	1	34
74968	120944		1	878	1	21
74968	120945		1	714	1	49
74969	120946		1	921	1	4
74969	120947		1	929	1	29
74969	120948		1	708	1	34
74970	120949		1	922	1	3
74970	120950		1	931	1	21
74971	120951		1	931	1	21
74972	120952		1	867	1	69
74973	120953		1	869	1	69
74973	120954		1	712	1	8
74974	120955		1	707	1	34
74975	120956		1	922	1	3
74975	120957		1	708	1	34
74976	120958		1	922	1	3
74976	120959		1	711	1	34
74976	120960		1	858	1	24
74977	120961		1	922	1	3
74977	120962		1	711	1	34
74977	120963		1	716	1	49
74977	120964		1	712	1	8
74978	120965		1	873	1	2
74979	120966		1	922	1	3
74979	120967		1	931	1	21
74979	120968		1	711	1	34
74979	120969		1	860	1	24
74980	120970		1	922	1	3
74980	120971		1	931	1	21
74980	120972		1	865	1	63
74981	120973		1	928	1	24
74981	120974		1	873	1	2
74982	120975		1	928	1	24
74982	120976		1	921	1	4
74982	120977		1	715	1	49
74983	120978		1	871	1	9
74983	120979		1	870	1	4
74983	120980		1	711	1	34
74984	120981		1	868	1	69
74984	120982		1	860	1	24
74985	120983		1	870	1	4
74986	120984		1	921	1	4
74986	120985		1	707	1	34
74987	120986		1	921	1	4
74987	120987		1	707	1	34
74987	120988		1	860	1	24
74988	120989		1	878	1	21
74988	120990		1	712	1	8
74988	120991		1	713	1	49
74989	120992		1	878	1	21
74989	120993		1	873	1	2
74990	120994		1	878	1	21
74990	120995		1	859	1	24
74991	120996		1	933	1	32
74991	120997		1	865	1	63
74991	120998		1	922	1	3
74992	120999		1	932	1	24
74992	121000		1	922	1	3
74992	121001		1	711	1	34
74993	121002		1	870	1	4
74994	121003		1	934	1	28
74994	121004		1	923	1	4
74994	121005		1	858	1	24
74995	121006		1	931	1	21
74996	121007		1	923	1	4
74996	121008		1	934	1	28
74997	121009		1	923	1	4
74997	121010		1	860	1	24
74998	121011		1	931	1	21
74998	121012		1	873	1	2
74999	121013		1	870	1	4
74999	121014		1	716	1	49
75000	121015		1	923	1	4
75000	121016		1	873	1	2
75001	121017		1	871	1	9
75001	121018		1	870	1	4
75001	121019		1	708	1	34
75001	121020		1	884	1	53
75002	121021		1	707	1	34
75003	121022		1	716	1	49
75004	121023		1	922	1	3
75004	121024		1	707	1	34
75005	121025		1	922	1	3
75005	121026		1	931	1	21
75005	121027		1	873	1	2
75006	121028		1	934	1	28
75006	121029		1	923	1	4
75006	121030		1	872	1	8
75006	121031		1	870	1	4
75006	121032		1	880	1	54
75007	121033		1	928	1	24
75007	121034		1	873	1	2
75008	121035		1	921	1	4
75008	121036		1	928	1	24
75008	121037		1	708	1	34
75009	121038		1	922	1	3
75009	121039		1	933	1	32
75009	121040		1	707	1	34
75010	121041		1	929	1	29
75011	121042		1	929	1	29
75012	121043		1	870	1	4
75013	121044		1	868	1	69
75013	121045		1	884	1	53
75014	121046		1	921	1	4
75014	121047		1	878	1	21
75014	121048		1	871	1	9
75015	121049		1	921	1	4
75015	121050		1	708	1	34
75016	121051		1	878	1	21
75016	121052		1	871	1	9
75016	121053		1	870	1	4
75016	121054		1	707	1	34
75017	121055		1	921	1	4
75017	121056		1	928	1	24
75017	121057		1	708	1	34
75018	121058		1	930	1	35	0	35
75018	121059		1	873	1	2
75019	121060		1	878	1	21
75019	121061		1	871	1	9
75019	121062		1	870	1	4
75019	121063		1	707	1	34
75020	121064		1	929	1	29
75020	121065		1	921	1	4
75020	121066		1	707	1	34
75020	121067		1	712	1	8
75021	121068		1	870	1	4
75021	121069		1	711	1	34
75022	121070		1	929	1	29
75022	121071		1	878	1	21
75022	121072		1	876	1	120	0	120
75022	121073		1	715	1	49
75022	121074		1	859	1	24
75023	121075		1	921	1	4
75023	121076		1	929	1	29
75023	121077		1	873	1	2
75024	121078		1	870	1	4
75024	121079		1	858	1	24
75025	121080		1	712	1	8
75025	121081		1	923	1	4
75026	121082		1	922	1	3
75026	121083		1	931	1	21
75027	121084		1	923	1	4
75027	121085		1	873	1	2
75028	121086		1	934	1	28
75028	121087		1	923	1	4
75028	121088		1	873	1	2
75029	121089		1	930	1	35	0	35
75029	121090		1	921	1	4
75029	121091		1	878	1	21
75029	121092		1	714	1	49
75030	121093		1	928	1	24
75031	121094		1	870	1	4
75031	121095		1	873	1	2
75032	121096		1	921	1	4
75032	121097		1	873	1	2
75033	121098		1	922	1	3
75033	121099		1	707	1	34
75034	121100		1	877	1	7
75035	121101		1	712	1	8
75036	121102		1	712	1	8
75036	121103		1	882	1	53
75037	121104		1	922	1	3
75038	121105		1	922	1	3
75038	121106		1	931	1	21
75038	121107		1	882	1	53
75039	121108		1	928	1	24
75039	121109		1	873	1	2
75040	121110		1	933	1	32
75040	121111		1	922	1	3
75040	121112		1	873	1	2
75041	121113		1	929	1	29
75041	121114		1	873	1	2
75041	121115		1	876	1	120	0	120
75042	121116		1	871	1	9
75042	121117		1	870	1	4
75042	121118		1	708	1	34
75043	121119		1	868	1	69
75044	121120		1	871	1	9
75044	121121		1	870	1	4
75045	121122		1	868	1	69
75045	121123		1	884	1	53
75046	121124		1	867	1	69
75047	121125		1	870	1	4
75047	121126		1	708	1	34
75048	121127		1	867	1	69
75048	121128		1	883	1	53
75048	121129		1	712	1	8
75049	121130		1	921	1	4
75049	121131		1	873	1	2
75049	121132		1	877	1	7
75050	121133		1	921	1	4
75050	121134		1	873	1	2
75051	121135		1	921	1	4
75052	121136		1	921	1	4
75052	121137		1	928	1	24
75052	121138		1	876	1	120	0	120
75053	121139		1	878	1	21
75053	121140		1	870	1	4
75053	121141		1	871	1	9
75054	121142		1	928	1	24
75054	121143		1	860	1	24
75055	121144		1	922	1	3
75055	121145		1	932	1	24
75055	121146		1	876	1	120	0	120
75056	121147		1	882	1	53
75057	121148		1	931	1	21
75057	121149		1	922	1	3
75057	121150		1	708	1	34
75058	121151		1	923	1	4
75058	121152		1	708	1	34
75058	121153		1	884	1	53
75059	121154		1	878	1	21
75059	121155		1	870	1	4
75059	121156		1	871	1	9
75059	121157		1	708	1	34
75059	121158		1	713	1	49
75060	121159		1	878	1	21
75060	121160		1	876	1	120	0	120
75061	121161		1	932	1	24
75061	121162		1	922	1	3
75061	121163		1	711	1	34
75061	121164		1	860	1	24
75062	121165		1	931	1	21
75063	121166		1	931	1	21
75063	121167		1	922	1	3
75063	121168		1	708	1	34
75063	121169		1	882	1	53
75064	121170		1	922	1	3
75064	121171		1	875	1	8
75064	121172		1	880	1	54
75065	121173		1	933	1	32
75066	121174		1	922	1	3
75066	121175		1	932	1	24
75066	121176		1	864	1	63
75067	121177		1	931	1	21
75067	121178		1	873	1	2
75068	121179		1	922	1	3
75068	121180		1	931	1	21
75068	121181		1	711	1	34
75069	121182		1	923	1	4
75069	121183		1	708	1	34
75069	121184		1	714	1	49
75069	121185		1	712	1	8
75070	121186		1	928	1	24
75071	121187		1	921	1	4
75071	121188		1	928	1	24
75071	121189		1	873	1	2
75072	121190		1	922	1	3
75072	121191		1	933	1	32
75073	121192		1	928	1	24
75073	121193		1	873	1	2
75074	121194		1	922	1	3
75074	121195		1	933	1	32
75074	121196		1	711	1	34
75075	121197		1	929	1	29
75075	121198		1	921	1	4
75075	121199		1	711	1	34
75075	121200		1	714	1	49
75076	121201		1	871	1	9
75076	121202		1	860	1	24
75076	121203		1	870	1	4
75077	121204		1	871	1	9
75077	121205		1	870	1	4
75077	121206		1	880	1	54
75077	121207		1	877	1	7
75078	121208		1	871	1	9
75078	121209		1	870	1	4
75078	121210		1	716	1	49
75078	121211		1	712	1	8
75079	121212		1	870	1	4
75079	121213		1	865	1	63
75080	121214		1	865	1	63
75080	121215		1	869	1	69
75081	121216		1	878	1	21
75081	121217		1	880	1	54
75082	121218		1	922	1	3
75082	121219		1	713	1	49
75083	121220		1	921	1	4
75083	121221		1	930	1	35	0	35
75084	121222		1	876	1	120	0	120
75085	121223		1	712	1	8
75085	121224		1	877	1	7
75086	121225		1	877	1	7
75087	121226		1	707	1	34
75088	121227		1	922	1	3
75088	121228		1	932	1	24
75088	121229		1	711	1	34
75088	121230		1	713	1	49
75089	121231		1	931	1	21
75089	121232		1	922	1	3
75089	121233		1	711	1	34
75090	121234		1	921	1	4
75090	121235		1	930	1	35	0	35
75090	121236		1	708	1	34
75091	121237		1	931	1	21
75091	121238		1	922	1	3
75091	121239		1	880	1	54
75092	121240		1	931	1	21
75092	121241		1	859	1	24
75092	121242		1	922	1	3
75093	121243		1	922	1	3
75093	121244		1	933	1	32
75093	121245		1	876	1	120	0	120
75094	121246		1	877	1	7
75095	121247		1	881	1	53
75096	121248		1	922	1	3
75096	121249		1	711	1	34
75096	121250		1	716	1	49
75097	121251		1	871	1	9
75097	121252		1	708	1	34
75098	121253		1	921	1	4
75098	121254		1	929	1	29
75098	121255		1	873	1	2
75099	121256		1	871	1	9
75099	121257		1	880	1	54
75099	121258		1	877	1	7
75100	121259		1	871	1	9
75100	121260		1	870	1	4
75100	121261		1	866	1	63
75101	121262		1	867	1	69
75101	121263		1	866	1	63
75102	121264		1	869	1	69
75102	121265		1	715	1	49
75103	121266		1	870	1	4
75103	121267		1	708	1	34
75104	121268		1	870	1	4
75104	121269		1	877	1	7
75105	121270		1	921	1	4
75105	121271		1	707	1	34
75105	121272		1	712	1	8
75105	121273		1	715	1	49
75106	121274		1	921	1	4
75106	121275		1	873	1	2
75107	121276		1	878	1	21
75107	121277		1	708	1	34
75108	121278		1	921	1	4
75109	121279		1	878	1	21
75109	121280		1	864	1	63
75110	121281		1	878	1	21
75110	121282		1	880	1	54
75110	121283		1	877	1	7
75111	121284		1	921	1	4
75111	121285		1	708	1	34
75111	121286		1	712	1	8
75112	121287		1	929	1	29
75112	121288		1	874	1	8
75113	121289		1	928	1	24
75113	121290		1	921	1	4
75113	121291		1	711	1	34
75113	121292		1	714	1	49
75114	121293		1	931	1	21
75115	121294		1	931	1	21
75115	121295		1	922	1	3
75115	121296		1	880	1	54
75116	121297		1	923	1	4
75117	121298		1	923	1	4
75117	121299		1	860	1	24
75118	121300		1	923	1	4
75118	121301		1	873	1	2
75118	121302		1	877	1	7
75118	121303		1	876	1	120	0	120
75119	121304		1	921	1	4
75119	121305		1	930	1	35	0	35
75119	121306		1	873	1	2
75120	121307		1	878	1	21
75120	121308		1	884	1	53
75120	121309		1	712	1	8
75121	121310		1	921	1	4
75121	121311		1	930	1	35	0	35
75121	121312		1	707	1	34
75122	121313		1	878	1	21
75122	121314		1	712	1	8
75123	121315		1	878	1	21
75123	121316		1	879	1	159	0	159
75123	121317		1	712	1	8
